ID,Obtained Electricity
test_0000,995.5077826678579
test_0001,5836.741899671242
test_0002,400.7967561837838
test_0003,2455.5364464992117
test_0004,785.9407238805078
test_0005,2236.8888661940127
test_0006,264.7244646294216
test_0007,3523.6365968889418
test_0008,1071.3299744088986
test_0009,1011.1416522343457
test_0010,1194.34825612636
test_0011,609.863857728845
test_0012,1967.5336607406039
test_0013,828.3081236172361
test_0014,831.6557128429837
test_0015,1884.2448220929723
test_0016,475.35118531672913
test_0017,973.0592930711557
test_0018,1670.7042843558102
test_0019,2128.3911115483834
test_0020,715.7085809469851
test_0021,941.9429980018388
test_0022,357.979937149488
test_0023,4619.555508421976
test_0024,1032.992774716151
test_0025,1677.4447759436885
test_0026,1589.0905178611965
test_0027,882.7014684345836
test_0028,1525.5734398735758
test_0029,4048.7991824361206
test_0030,1304.1132591471219
test_0031,728.3259819425565
test_0032,1049.0754614525877
test_0033,1534.7531294561754
test_0034,3243.9544147017987
test_0035,280.73006173104613
test_0036,1287.4393174047277
test_0037,1087.424740010672
test_0038,591.9005065139576
test_0039,1291.1020046385493
test_0040,2612.090594006078
test_0041,7867.840913153908
test_0042,938.3064771112173
test_0043,2017.0125893843233
test_0044,791.2592880729017
test_0045,1945.1059281211908
test_0046,2264.493915291556
test_0047,3654.351254634395
test_0048,6843.420549932356
test_0049,1840.8949158948712
test_0050,759.6669232175017
test_0051,658.9354014942927
test_0052,1180.2437101112632
test_0053,1851.597327293483
test_0054,536.7468291291723
test_0055,598.1763977769383
test_0056,1017.9152424789623
test_0057,2761.0643522556097
test_0058,5045.783045400016
test_0059,435.0506850956658
test_0060,3719.758555187359
test_0061,1881.1837713486802
test_0062,2634.463069418908
test_0063,442.5548393196758
test_0064,416.31060991152776
test_0065,2708.1205583193614
test_0066,3613.0548990438265
test_0067,4047.2750579891485
test_0068,3899.1540260592883
test_0069,3727.7811629140015
test_0070,946.2004476468969
test_0071,2127.1962391814777
test_0072,861.3426963200857
test_0073,2985.042204206025
test_0074,1402.2676183750718
test_0075,803.2896295375027
test_0076,1842.3634340126482
test_0077,854.0066130906368
test_0078,1565.3741498134634
test_0079,1136.0508827287845
test_0080,3467.488837288363
test_0081,586.950527534863
test_0082,3492.874812658993
test_0083,1578.1883962123452
test_0084,1192.5587469425982
test_0085,1908.9355740716605
test_0086,3264.888876535806
test_0087,1116.753878361807
test_0088,676.6100325763613
test_0089,4963.466857004092
test_0090,999.0134072254435
test_0091,1401.5507250733472
test_0092,428.19230950060023
test_0093,2548.594658035946
test_0094,599.5512551588008
test_0095,515.3610375413352
test_0096,891.2469068302084
test_0097,2510.7300660723995
test_0098,590.3402604314871
test_0099,430.5340268426378
test_0100,325.2439546505612
test_0101,617.4655901304875
test_0102,949.2586838157209
test_0103,2259.4010297535747
test_0104,699.8004301192145
test_0105,529.3159605046148
test_0106,2864.336365544109
test_0107,3268.606260685523
test_0108,328.23874776690946
test_0109,1179.644523797815
test_0110,482.03677966685245
test_0111,970.7177822249139
test_0112,1922.9000219804534
test_0113,579.713165728348
test_0114,860.7233920572969
test_0115,1466.3864022792359
test_0116,675.863304955298
test_0117,869.2850801780911
test_0118,2686.6055277809187
test_0119,1148.84726539318
test_0120,1559.5964834193678
test_0121,1151.4985370064421
test_0122,1619.7854166686202
test_0123,917.0538967824506
test_0124,1216.942523725921
test_0125,477.10057628786416
test_0126,805.7234175939432
test_0127,3598.8836862367925
test_0128,768.636468472905
test_0129,2465.9144961479014
test_0130,934.8543450524239
test_0131,1950.96461663453
test_0132,1228.1101531758788
test_0133,4120.371518908033
test_0134,583.3438202004742
test_0135,883.9545194274781
test_0136,1339.9329432980242
test_0137,3817.755184737634
test_0138,738.9036898811967
test_0139,4125.322700859873
test_0140,4484.521476204298
test_0141,4230.179139448674
test_0142,255.44894039825397
test_0143,1052.7139022849992
test_0144,2031.098848003744
test_0145,1030.5642067226456
test_0146,488.22993880778165
test_0147,384.41148580169266
test_0148,1532.329507202875
test_0149,3232.273548543872
test_0150,692.433922859583
test_0151,3748.938521318609
test_0152,2159.404120207337
test_0153,609.7673429921152
test_0154,4296.5337167605885
test_0155,368.95478633446015
test_0156,688.4654360822008
test_0157,962.5430424715481
test_0158,659.5282007125644
test_0159,3375.0924098657792
test_0160,1693.3440656915286
test_0161,1033.1395576669067
test_0162,229.38798676419822
test_0163,2891.855323633222
test_0164,1677.847404588154
test_0165,1527.4467057325994
test_0166,1172.554166632352
test_0167,2754.5340080382257
test_0168,1220.004680175099
test_0169,1485.340695166241
test_0170,785.8638023138794
test_0171,797.414235344964
test_0172,1479.2064325331908
test_0173,3576.671498071447
test_0174,2068.9225225698824
test_0175,477.4014125864316
test_0176,2857.456880882807
test_0177,3057.0918788099507
test_0178,737.6281340627486
test_0179,5895.74065666073
test_0180,2373.965556722688
test_0181,2497.807204740576
test_0182,1744.795851632241
test_0183,2082.6311895970975
test_0184,1248.270085984665
test_0185,794.1980114716698
test_0186,3502.9465036658776
test_0187,2488.7915021897606
test_0188,240.02859097197415
test_0189,617.5346132440176
test_0190,718.755827400322
test_0191,1734.3839233473527
test_0192,1612.3173197987967
test_0193,3939.154224059942
test_0194,684.254307199883
test_0195,4189.675308692717
test_0196,3103.753312998988
test_0197,1201.7776754548254
test_0198,436.9316673680929
test_0199,1045.5252317803643
test_0200,87.89022286896416
test_0201,861.2185508865134
test_0202,1540.991914535093
test_0203,1843.6293866860428
test_0204,348.47621673135205
test_0205,925.3804844748046
test_0206,1170.849521007999
test_0207,768.813488435788
test_0208,718.5515632268293
test_0209,1112.383498463627
test_0210,499.06734021274644
test_0211,2009.9921842610486
test_0212,3066.407258948885
test_0213,3138.0618293918005
test_0214,770.7684680448301
test_0215,2992.62747687259
test_0216,1560.1153278807928
test_0217,3421.187413565532
test_0218,1134.7356064127598
test_0219,2220.2719138787243
test_0220,803.350835520589
test_0221,2389.250471064268
test_0222,1985.727643542181
test_0223,3788.2332751168638
test_0224,3786.346441915882
test_0225,486.5153517171159
test_0226,3259.239061151581
test_0227,1511.2705265922868
test_0228,436.8118497663004
test_0229,2234.889294049928
test_0230,713.7328825138895
test_0231,726.5940970752138
test_0232,1760.2366654406364
test_0233,2978.5362376894063
test_0234,783.1734079226324
test_0235,1455.2869723143042
test_0236,1545.1378619662187
test_0237,843.2498662113937
test_0238,462.2273958016116
test_0239,1275.9645235332482
test_0240,1986.5879607490797
test_0241,2989.7026218039737
test_0242,338.3515736204652
test_0243,1294.4837716603777
test_0244,1934.4825581904306
test_0245,415.6789480664868
test_0246,1077.4034467048878
test_0247,1504.899379603103
test_0248,540.8898827925601
test_0249,1154.2486258274166
test_0250,2743.031098260466
test_0251,2504.9337924730494
test_0252,747.2471911587002
test_0253,683.0897370529316
test_0254,512.9312516898812
test_0255,876.3099155593156
test_0256,1822.5113293018655
test_0257,3626.4258562751183
test_0258,2203.713949203472
test_0259,853.787484025057
test_0260,2138.5649219688885
test_0261,1839.53966309746
test_0262,2200.964799009603
test_0263,4169.810089789762
test_0264,121.86408170193394
test_0265,2591.844604461935
test_0266,1350.5366746232185
test_0267,1671.1637337683467
test_0268,1044.8214337427462
test_0269,1094.033404904139
test_0270,578.4342034605204
test_0271,2720.3904545742134
test_0272,2670.351097224816
test_0273,272.25960019507374
test_0274,2126.728757580755
test_0275,308.14575723456494
test_0276,3861.7256555406266
test_0277,623.2090268540666
test_0278,1634.6935013658754
test_0279,1035.4153460962486
test_0280,1643.2291117692967
test_0281,829.4963064671933
test_0282,2680.177547126032
test_0283,1100.8640491941453
test_0284,1292.41176281862
test_0285,817.8853758829367
test_0286,1422.3278339366257
test_0287,1471.96929504014
test_0288,949.1397196052911
test_0289,2367.2588394810646
test_0290,1315.0523933791574
test_0291,1895.9117935266295
test_0292,999.2045944337108
test_0293,1240.9670825148137
test_0294,1771.1474384620929
test_0295,592.1871256842377
test_0296,1074.5317905890995
test_0297,2036.5935128792144
test_0298,1033.6283620107295
test_0299,2415.6275381852374
test_0300,532.233552048633
test_0301,5147.4957650773595
test_0302,2438.6945819708644
test_0303,2487.3465024700254
test_0304,480.07131093733165
test_0305,2842.3289090167455
test_0306,1794.6240360188365
test_0307,1233.8387170888104
test_0308,2953.387821009431
test_0309,1580.260405730864
test_0310,361.79132518168296
test_0311,343.91114920151995
test_0312,553.7882877253128
test_0313,4297.323343005248
test_0314,925.1743046665796
test_0315,985.6174400298705
test_0316,1113.3188041137673
test_0317,2918.9885188800918
test_0318,677.840656662072
test_0319,1971.888965424732
test_0320,647.1820021133905
test_0321,4373.129161850011
test_0322,569.8817910077307
test_0323,1781.0548158861384
test_0324,1748.4344991545731
test_0325,754.2782531170983
test_0326,639.3118449004994
test_0327,1156.2650970676402
test_0328,2263.7324003441863
test_0329,3112.611112659092
test_0330,239.45065622829566
test_0331,1446.734712932542
test_0332,4777.289214607506
test_0333,1587.5314605794083
test_0334,1037.7486822889282
test_0335,374.27329228512264
test_0336,694.7500520425403
test_0337,1716.310642087777
test_0338,2721.083451237744
test_0339,1657.536257984419
test_0340,380.2027365730437
test_0341,2316.3586437797367
test_0342,349.43288396066345
test_0343,2739.6164044261427
test_0344,525.5441956576011
test_0345,579.2368073421648
test_0346,480.857819557591
test_0347,1357.3816364759991
test_0348,371.51825314894336
test_0349,1132.6995317792484
test_0350,844.4166515272174
test_0351,2119.655551592362
test_0352,1011.7838268994387
test_0353,4099.3547486404605
test_0354,1890.4670139030184
test_0355,1345.9481462211534
test_0356,2902.34692357898
test_0357,1545.302255511413
test_0358,973.0170019638489
test_0359,2249.9100295481053
test_0360,520.386056429206
test_0361,3295.7158565426685
test_0362,1486.1580541157396
test_0363,1103.513030253169
test_0364,430.7772272619459
test_0365,1061.8619573544947
test_0366,596.8245854098861
test_0367,2550.0845044663006
test_0368,240.81085152749904
test_0369,1000.3295797312451
test_0370,799.2733733429855
test_0371,2396.802717393808
test_0372,1319.9071550624737
test_0373,1345.4920329218362
test_0374,2309.2983165958112
test_0375,349.17663865345384
test_0376,2743.021296022934
test_0377,4246.080472298004
test_0378,724.9471792940051
test_0379,2821.57413453164
test_0380,2888.453568557238
test_0381,361.99317112060265
test_0382,728.9777875628005
test_0383,1581.427765614975
test_0384,720.3154943794425
test_0385,217.043394728508
test_0386,995.3610968236395
test_0387,778.5655015500924
test_0388,2580.686112487965
test_0389,4804.246678535117
test_0390,163.94144459627532
test_0391,4146.667995493839
test_0392,435.7346767687995
test_0393,2076.9076332787945
test_0394,3661.8639079228524
test_0395,2205.77297849133
test_0396,805.9558853611791
test_0397,3652.2227084281803
test_0398,1248.4001792856138
test_0399,4029.927620942808
test_0400,2426.617370264531
test_0401,1234.3528642515616
test_0402,419.32362820223005
test_0403,1584.449197146157
test_0404,259.9122872280885
test_0405,644.3606823974403
test_0406,749.5728057977328
test_0407,1554.1791804083941
test_0408,1289.926682327108
test_0409,2124.436149148866
test_0410,1226.4967829540224
test_0411,2513.9583132370517
test_0412,668.4810456255791
test_0413,3653.568323662712
test_0414,3738.1641177822207
test_0415,2504.9923476255553
test_0416,1040.1505417128353
test_0417,842.2353192767536
test_0418,765.70000492814
test_0419,1186.6524107611688
test_0420,588.4504092510354
test_0421,2619.246673927688
test_0422,1117.2021478576291
test_0423,3271.177508162554
test_0424,853.1148478085984
test_0425,672.118091156501
test_0426,773.2158654760872
test_0427,834.0539967330615
test_0428,1028.6767812115997
test_0429,903.0918190358594
test_0430,2439.947371364113
test_0431,2529.076458488431
test_0432,1335.1106408167138
test_0433,716.9502484194492
test_0434,985.984083500551
test_0435,1316.6091726738152
test_0436,885.7468737950588
test_0437,1763.4649925469766
test_0438,1006.6123019157633
test_0439,1548.2281350303213
test_0440,867.4220587165828
test_0441,1612.4853243601005
test_0442,3879.6228071714268
test_0443,1415.9269740872453
test_0444,1868.8866736567584
test_0445,213.19968072833015
test_0446,2460.3754454710856
test_0447,955.9108161894248
test_0448,3374.6867998694743
test_0449,991.0526508946516
test_0450,577.6109876729711
test_0451,3120.5075956554583
test_0452,845.488462116976
test_0453,1082.83339492613
test_0454,945.3233014721973
test_0455,3296.8576140050336
test_0456,312.9899424729781
test_0457,1243.9518459158598
test_0458,485.96674297900734
test_0459,2094.7662922288046
test_0460,3556.688665210063
test_0461,1681.3749082083339
test_0462,1016.9773812319273
test_0463,4405.8650610165705
test_0464,1324.413989175542
test_0465,2195.659726388547
test_0466,4159.476021085586
test_0467,4865.4969484739495
test_0468,685.7409192111353
test_0469,5178.6720644024135
test_0470,430.01461569569665
test_0471,446.6602045735034
test_0472,495.41903882974316
test_0473,1217.5121809497493
test_0474,3777.470213842886
test_0475,5027.28086362127
test_0476,449.9939054696513
test_0477,157.21563574842662
test_0478,1208.7036741453376
test_0479,1169.0437958563764
test_0480,1962.0287224610815
test_0481,797.7820768522834
test_0482,1729.0994888226237
test_0483,3369.2274769796522
test_0484,1735.9245873743112
test_0485,973.9548149813659
test_0486,1854.6443504676363
test_0487,4522.291471207956
test_0488,1062.0539114845405
test_0489,3574.0940395094954
test_0490,2713.031266013529
test_0491,3021.1594411248902
test_0492,2395.159864887547
test_0493,628.5619234135902
test_0494,372.8462920733027
test_0495,1473.2515510281066
test_0496,900.9258244668737
test_0497,1739.7811489789156
test_0498,694.1391001891259
test_0499,3256.7393562600155
test_0500,638.4861887072155
test_0501,436.97022574433106
test_0502,401.7329039376691
test_0503,1403.2192765980785
test_0504,383.8699995171887
test_0505,1288.3993114747773
test_0506,693.3781427676075
test_0507,1250.1081167824423
test_0508,573.8264879440504
test_0509,3101.8082535880094
test_0510,951.3296038296814
test_0511,2953.1159099889564
test_0512,2436.691854898827
test_0513,679.3154334785266
test_0514,1461.1727209041032
test_0515,1842.7127238698567
test_0516,334.5132317088034
test_0517,899.2941196918908
test_0518,2597.959430949736
test_0519,1988.418527972696
test_0520,4805.381012336426
test_0521,2076.1461946853456
test_0522,469.6927793296344
test_0523,1742.423940347284
test_0524,498.597649312596
test_0525,1470.9767938943482
test_0526,2141.683258440735
test_0527,3579.3081597802493
test_0528,2226.162298199529
test_0529,397.38879151305264
test_0530,1043.9932989601732
test_0531,1200.9521187540643
test_0532,1756.6278552673755
test_0533,1077.3642573779152
test_0534,1038.5600885235533
test_0535,4186.252673504099
test_0536,1009.9477572997089
test_0537,4407.385805887044
test_0538,1820.2593501362403
test_0539,3558.228369229014
test_0540,711.3723654561072
test_0541,2281.702735373812
test_0542,1253.2658254578969
test_0543,675.0117380885972
test_0544,647.7607204633364
test_0545,678.9270229998485
test_0546,743.0352178617638
test_0547,1188.6569325714922
test_0548,914.540299981847
test_0549,956.695520518405
test_0550,207.09715714179998
test_0551,1524.6068049259725
test_0552,1271.0375905032076
test_0553,2902.9115914074546
test_0554,1317.648143565236
test_0555,1724.8052734771784
test_0556,1309.7028303667666
test_0557,2697.1030881173438
test_0558,2124.5142612567897
test_0559,3190.6061210298003
test_0560,2074.064300716019
test_0561,3227.525327772232
test_0562,2501.8300205017267
test_0563,1445.2447828109146
test_0564,825.6911150567047
test_0565,336.51229145887373
test_0566,2003.5278547253115
test_0567,2545.409656170452
test_0568,1277.5656730899436
test_0569,1632.013116014196
test_0570,2401.521994428907
test_0571,888.5586401847909
test_0572,1455.032861604349
test_0573,1462.102467195064
test_0574,582.1596864873662
test_0575,1381.2262438070943
test_0576,547.2017935224746
test_0577,627.5455783177695
test_0578,676.3976798547635
test_0579,2967.526552144392
test_0580,543.3324060961469
test_0581,676.542560572859
test_0582,3014.2841742504097
test_0583,1952.576973183112
test_0584,3911.0226324272135
test_0585,451.9546828618588
test_0586,1725.2352785588769
test_0587,3398.765465803792
test_0588,2816.057475826079
test_0589,2809.892965483789
test_0590,1571.1022656290254
test_0591,6764.185936314321
test_0592,1587.5769868519415
test_0593,1350.158075137314
test_0594,2065.820520324259
test_0595,2853.006410530625
test_0596,849.7283737817925
test_0597,1227.3651786113924
test_0598,997.5605995080492
test_0599,1821.9377769122348
test_0600,492.3382221145631
test_0601,3967.725633020129
test_0602,798.0221696660143
test_0603,691.2696055432715
test_0604,3359.4988891584826
test_0605,649.1044255480115
test_0606,1080.791161797061
test_0607,1907.0755988581618
test_0608,770.8046558418214
test_0609,1078.2417058361038
test_0610,2584.610648359272
test_0611,1133.0239569677137
test_0612,1594.3479598025663
test_0613,1285.9112877370717
test_0614,3485.921822896939
test_0615,200.9198097014168
test_0616,4878.437137737742
test_0617,4010.33899590746
test_0618,727.3051146857963
test_0619,1516.159867097863
test_0620,3968.8667370472976
test_0621,269.82383968733313
test_0622,629.6829497165257
test_0623,4369.292870846651
test_0624,3576.6872518489777
test_0625,1120.6951415366543
test_0626,1070.7673139068493
test_0627,4411.8741631403045
test_0628,2837.615026599069
test_0629,1563.882435362976
test_0630,601.4183443867254
test_0631,1579.4982179222247
test_0632,2387.2457699966226
test_0633,1025.37738596709
test_0634,1332.0517728836658
test_0635,1888.1014861407336
test_0636,2382.8051734002815
test_0637,1357.1372312712438
test_0638,8513.124173832968
test_0639,1105.0850162433626
test_0640,781.8938891737832
test_0641,818.8646380412248
test_0642,3326.958801046202
test_0643,3789.6672452197176
test_0644,276.01837308772417
test_0645,2332.700491790265
test_0646,985.8702625322378
test_0647,994.89752843222
test_0648,596.4661051344913
test_0649,2144.8486277874163
test_0650,689.2159850551054
test_0651,1980.678537387817
test_0652,860.9567369738568
test_0653,1578.3042927674767
test_0654,263.2505311598941
test_0655,3851.254657338839
test_0656,1369.2276442194925
test_0657,2572.6578652597486
test_0658,2154.382641536673
test_0659,1519.1196985530414
test_0660,4985.586720706074
test_0661,688.8267745176526
test_0662,530.1776842174665
test_0663,969.3457744674561
test_0664,1248.928960100129
test_0665,599.0789558668872
test_0666,448.53975960121437
test_0667,1925.873882103797
test_0668,291.78677340976753
test_0669,631.2503951928365
test_0670,3993.695237591636
test_0671,1246.8712457196864
test_0672,760.296698695028
test_0673,1660.615164862645
test_0674,1503.9900628460812
test_0675,2637.248757317383
test_0676,1542.941748349389
test_0677,2123.8320479290524
test_0678,2347.7938319663854
test_0679,4535.490306065258
test_0680,274.6586652381329
test_0681,2264.3023235464434
test_0682,2193.8828153013615
test_0683,1002.8633629955647
test_0684,246.46096904278272
test_0685,177.47879716977621
test_0686,2722.976343700344
test_0687,654.6421199682107
test_0688,1176.761393086141
test_0689,2533.4347730741915
test_0690,1966.4218417828893
test_0691,556.6801483089473
test_0692,790.1663281400913
test_0693,1142.6952341467527
test_0694,875.6768042036285
test_0695,732.9586910697867
test_0696,536.2586497138723
test_0697,2163.138881922634
test_0698,3263.863646139017
test_0699,1433.3566103213282
test_0700,1024.6396412578824
test_0701,512.9971016730608
test_0702,1361.364110298905
test_0703,1616.5774293865593
test_0704,1276.2703786255815
test_0705,2000.71601575551
test_0706,970.3650385246513
test_0707,1054.561753716827
test_0708,1604.1127259973564
test_0709,1886.6964363005948
test_0710,346.8224131989358
test_0711,1808.4444771789445
test_0712,1776.2676125569587
test_0713,2287.5784281077317
test_0714,3000.827072076735
test_0715,1186.2521183644067
test_0716,2010.017734762334
test_0717,691.3931998328767
test_0718,2067.654711743088
test_0719,769.7998801670669
test_0720,1225.0443635677502
test_0721,3230.494185210031
test_0722,1666.1001361364767
test_0723,2925.7764838855073
test_0724,411.16169669465387
test_0725,722.352338902499
test_0726,953.3386590751859
test_0727,1243.6991738384659
test_0728,1556.898056066722
test_0729,1047.0245197370066
test_0730,1776.3024193211613
test_0731,1426.5699824017256
test_0732,380.29169998461884
test_0733,2599.4473911307728
test_0734,697.0079146454274
test_0735,389.9099585315124
test_0736,2109.411453480645
test_0737,2212.159205110325
test_0738,711.7365930223825
test_0739,1291.9628394723318
test_0740,1488.8140113913523
test_0741,886.1818214820005
test_0742,3845.5858818855777
test_0743,1008.6347849780667
test_0744,389.3112413750319
test_0745,661.234711962201
test_0746,1652.385899265283
test_0747,303.7526230067863
test_0748,3241.2942278450355
test_0749,879.0775104047307
test_0750,291.7020128965986
test_0751,4478.902361806927
test_0752,1674.6982310757467
test_0753,6057.987775331256
test_0754,1530.7196151965081
test_0755,1025.0973562250433
test_0756,335.6250493804662
test_0757,1641.1155465857596
test_0758,885.322635697449
test_0759,491.5743094951381
test_0760,2689.2958152747683
test_0761,2717.8424948654397
test_0762,1359.5937115906659
test_0763,5314.767908631923
test_0764,1009.7650817027899
test_0765,1268.572368719343
test_0766,2058.879475732237
test_0767,903.5502084207833
test_0768,2959.8023806591627
test_0769,580.670519081531
test_0770,1789.7825884222839
test_0771,3167.495039461045
test_0772,1745.8679483705987
test_0773,884.8101594838392
test_0774,2673.6232211126353
test_0775,702.1635488957268
test_0776,1035.6442771619181
test_0777,1258.8195002030084
test_0778,3084.374836083926
test_0779,2083.8382523238233
test_0780,3379.756558376337
test_0781,4030.615302794208
test_0782,2241.7276938785985
test_0783,3123.1522006935893
test_0784,596.9395372995364
test_0785,1262.7104172622792
test_0786,3460.6950476376032
test_0787,473.19643747859936
test_0788,924.8009647265949
test_0789,1975.130112762253
test_0790,247.41540258424138
test_0791,3237.8072674250825
test_0792,867.8435742286636
test_0793,2285.6296786394178
test_0794,703.9733024967595
test_0795,944.3027539485629
test_0796,1135.8077991956527
test_0797,4801.71608505136
test_0798,648.5923779423282
test_0799,586.2727135598096
test_0800,2989.741449326728
test_0801,510.78978101730706
test_0802,3968.4403755930693
test_0803,4336.653434173928
test_0804,842.2854341130083
test_0805,551.250903933667
test_0806,1200.3160153408598
test_0807,1100.1751554577504
test_0808,499.1526887961188
test_0809,1451.5965340020164
test_0810,956.4171005812295
test_0811,2017.090395208551
test_0812,1289.3371340067147
test_0813,4600.105045754173
test_0814,391.5810073863227
test_0815,533.7176999203698
test_0816,3522.078009532282
test_0817,1190.4389512802632
test_0818,2484.9708604444977
test_0819,1113.7535028290495
test_0820,500.28119436726854
test_0821,3313.5452012554715
test_0822,1111.215378575745
test_0823,1566.1939248530523
test_0824,340.12958511815975
test_0825,728.4848391645331
test_0826,716.7226747537345
test_0827,5702.505349188794
test_0828,464.06665655913764
test_0829,1069.9926401825005
test_0830,540.0210176261652
test_0831,777.9904127009456
test_0832,2936.2846955226537
test_0833,1801.847117209669
test_0834,824.6446312094579
test_0835,1401.4206254919281
test_0836,680.0093686011014
test_0837,1226.345083813578
test_0838,806.0156157547516
test_0839,2527.622581337431
test_0840,799.3674454559012
test_0841,2171.972341478464
test_0842,843.0941646970537
test_0843,292.7262881913108
test_0844,1571.3085773642815
test_0845,1603.1241979314186
test_0846,1846.7821122332452
test_0847,4190.222991825444
test_0848,744.7618547703617
test_0849,4314.297481828921
test_0850,583.5553685042598
test_0851,1198.9110260154807
test_0852,249.37758333590975
test_0853,3761.8743459782345
test_0854,1916.5098217484478
test_0855,1348.173929369463
test_0856,920.6894472144202
test_0857,4978.522194917908
test_0858,1702.708829429072
test_0859,1572.3536834488602
test_0860,944.0634188804445
test_0861,451.3039955922426
test_0862,1683.6836513239448
test_0863,7161.253692452099
test_0864,269.80059593388205
test_0865,1585.6122682902192
test_0866,1730.8770902738402
test_0867,852.0457871995118
test_0868,460.8953506246296
test_0869,2944.0224874154337
test_0870,416.84963857658033
test_0871,4617.557047130751
test_0872,453.52763091687507
test_0873,2240.793829176164
test_0874,1416.4328659066446
test_0875,1651.4426103780752
test_0876,909.653402679997
test_0877,910.2568095191755
test_0878,1078.272354499593
test_0879,3315.6820745494556
test_0880,2898.0548733484147
test_0881,2843.7645151545976
test_0882,1286.2893407219171
test_0883,1421.965845768687
test_0884,437.3225553778742
test_0885,843.8982024370819
test_0886,1014.8613105254863
test_0887,1039.7077188302565
test_0888,332.3249155294535
test_0889,2831.1624811765187
test_0890,3027.9001962316584
test_0891,2782.6331591994813
test_0892,1468.294767023594
test_0893,1826.0776463654277
test_0894,3014.141170019474
test_0895,2157.80464372785
test_0896,913.6843100325748
test_0897,918.1762518313817
test_0898,559.048452293006
test_0899,2909.451394521511
test_0900,2263.696673437283
test_0901,4882.145306308876
test_0902,338.9073339776317
test_0903,952.5471650688394
test_0904,1813.2743989822939
test_0905,933.8396974402508
test_0906,579.0852372223984
test_0907,2219.9090721396024
test_0908,919.4925833446191
test_0909,606.3486452434407
test_0910,388.97385692482266
test_0911,1027.7321992612954
test_0912,428.08414656925584
test_0913,391.89715902397063
test_0914,2537.996838468159
test_0915,770.096340736616
test_0916,1144.1512862412626
test_0917,3747.655106006294
test_0918,746.5948854021931
test_0919,2254.8857310711423
test_0920,1617.1634764813934
test_0921,1373.9166680257424
test_0922,2100.034217573625
test_0923,2758.850717838593
test_0924,606.3157136832117
test_0925,2097.681067884272
test_0926,889.4211867439383
test_0927,2190.7654883868454
test_0928,979.9725150236353
test_0929,4271.858929886846
test_0930,1442.8190310867571
test_0931,1156.438961598397
test_0932,1582.4026595470577
test_0933,757.0313111063984
test_0934,1183.3314740287692
test_0935,1246.3137809103694
test_0936,639.7859896608056
test_0937,3120.9521496910206
test_0938,1291.7829622312088
test_0939,480.80129195166825
test_0940,1231.584696641915
test_0941,809.8921688772768
test_0942,1624.003264416977
test_0943,765.1875863957782
test_0944,1397.2895650155374
test_0945,3340.1771532187886
test_0946,327.2651834173188
test_0947,708.7805966323148
test_0948,2162.7523722784044
test_0949,3022.9681163338155
test_0950,1417.0450628749254
test_0951,638.4915080324846
test_0952,938.243483519042
test_0953,4910.782422737853
test_0954,320.2027991987045
test_0955,3051.234699437257
test_0956,662.8731111620564
test_0957,2092.00515901348
test_0958,3465.5813912768863
test_0959,1982.129340152218
test_0960,941.3961201203523
test_0961,1040.9586757652455
test_0962,725.5873440212207
test_0963,2155.7408773912343
test_0964,2039.9495919336675
test_0965,1645.4509723155938
test_0966,170.162597270668
test_0967,863.3046439449097
test_0968,2304.517372112742
test_0969,1117.9117353973584
test_0970,2612.4528659191355
test_0971,7294.645526880682
test_0972,981.2402348457686
test_0973,1797.2018053557958
test_0974,1235.05790693695
test_0975,627.6638769269762
test_0976,271.2188159420035
test_0977,1910.1427815436605
test_0978,463.91121401260574
test_0979,1919.1109866854517
test_0980,984.9946239407604
test_0981,909.2058909866095
test_0982,753.8817554403513
test_0983,1728.9674569353645
test_0984,1616.1793404738798
test_0985,2107.728060676359
test_0986,3059.596113204877
test_0987,3238.2062830364894
test_0988,656.6863963498241
test_0989,3876.15999475027
test_0990,1012.0519719798926
test_0991,1839.7367462207235
test_0992,1040.2568467213343
test_0993,2582.2904016849343
test_0994,515.7274201503812
test_0995,531.2731788272176
test_0996,2031.8670899847739
test_0997,2224.8628164884767
test_0998,2161.3253486958984
test_0999,728.440560384175
test_1000,554.0103952726124
test_1001,2838.813270545179
test_1002,1917.4908205989211
test_1003,6374.02182410491
test_1004,4095.7280245207644
test_1005,1543.4813870435798
test_1006,3819.197392496436
test_1007,4574.004589025905
test_1008,1155.848976496865
test_1009,2365.4887438686465
test_1010,1202.5655285636715
test_1011,713.4387659816142
test_1012,2153.9072837149097
test_1013,1922.9944629841318
test_1014,1218.0681570116822
test_1015,240.32113052292766
test_1016,1184.2920443084713
test_1017,862.7922398565975
test_1018,867.8142853829063
test_1019,3144.817084394993
test_1020,2093.3842292814647
test_1021,1527.6872801650043
test_1022,841.2733052740052
test_1023,1855.5013566394232
test_1024,1212.8592443515872
test_1025,5043.621458744741
test_1026,897.5139907101235
test_1027,2917.3377133166446
test_1028,469.9239093462885
test_1029,779.6938792839633
test_1030,586.9836039374434
test_1031,1716.138932699716
test_1032,2479.6954904129343
test_1033,9188.212879098981
test_1034,2909.4469701102057
test_1035,856.8992105151334
test_1036,2462.068936072643
test_1037,389.99990410839837
test_1038,3181.2903555567364
test_1039,1852.6232567037841
test_1040,2980.704288999086
test_1041,2331.4439153240046
test_1042,513.873258052387
test_1043,2814.155559449574
test_1044,1686.1218656762335
test_1045,372.5315383115685
test_1046,849.8900522350922
test_1047,1052.7457755286564
test_1048,390.2085605243474
test_1049,593.6409765669854
test_1050,1397.9720330558964
test_1051,1734.694260346639
test_1052,1022.5742620247225
test_1053,1437.961459752772
test_1054,2310.207119440969
test_1055,861.8006461343889
test_1056,1294.5155217860174
test_1057,4020.7428582963976
test_1058,2776.3465214288376
test_1059,1036.0519515780693
test_1060,863.8296385128955
test_1061,1612.6380044778214
test_1062,747.7044201494843
test_1063,3590.9164564645016
test_1064,1023.1844891166254
test_1065,3399.618014246392
test_1066,642.214499783239
test_1067,916.6094174768355
test_1068,397.6240650039295
test_1069,995.4503178901396
test_1070,1856.4390775942193
test_1071,2068.1409443649427
test_1072,889.8968336192235
test_1073,1895.9717360733118
test_1074,2464.687287208011
test_1075,403.2971577637536
test_1076,2023.5409844402
test_1077,3406.407690350202
test_1078,4998.922957387889
test_1079,1454.6866834190282
test_1080,829.2666556407531
test_1081,1174.8006014948837
test_1082,1668.8038188737878
test_1083,2409.9671588997126
test_1084,728.4392489227916
test_1085,830.8994864254371
test_1086,622.7007747512357
test_1087,1597.5652611206588
test_1088,867.7894924595264
test_1089,2619.500771966845
test_1090,4140.536072126415
test_1091,1498.7130530850031
test_1092,4563.759276266649
test_1093,1557.495223714699
test_1094,2326.906338212175
test_1095,669.2684668628001
test_1096,2618.496352334563
test_1097,3567.471403423441
test_1098,694.6227584667388
test_1099,1047.4998965022712
test_1100,1155.5131715655978
test_1101,862.5199259908347
test_1102,673.76995328936
test_1103,5484.663332221458
test_1104,2739.8338971830017
test_1105,688.6860986480347
test_1106,1046.9404627653912
test_1107,2719.7146782488007
test_1108,2967.057543696918
test_1109,2013.259419611179
test_1110,1933.5496338546764
test_1111,5707.045497709836
test_1112,692.9270420035622
test_1113,1980.1799233934917
test_1114,2154.2046717646353
test_1115,3031.1216218992677
test_1116,846.1502995704546
test_1117,777.2341792321818
test_1118,1259.6945935819385
test_1119,240.68026830775358
test_1120,1629.9565251798263
test_1121,1230.5958229789865
test_1122,443.27923470375924
test_1123,3625.4732268416465
test_1124,688.2289211728676
test_1125,1514.8937472730968
test_1126,2967.718333306024
test_1127,2595.735667107878
test_1128,1252.8364823774723
test_1129,1137.3714556791397
test_1130,3210.203441484773
test_1131,1102.0665695306504
test_1132,1280.125340818023
test_1133,3232.05894280188
test_1134,899.0321189721784
test_1135,1363.6497336608577
test_1136,445.9939616045623
test_1137,253.1660679851865
test_1138,996.7352995132175
test_1139,2874.8446660806967
test_1140,3939.9695667563783
test_1141,3833.9474480292456
test_1142,2727.674310240617
test_1143,1729.2961536762557
test_1144,719.1024867644578
test_1145,2479.2217103986873
test_1146,906.1378871098852
test_1147,726.5842035547744
test_1148,4024.547411888643
test_1149,4185.689208063678
test_1150,819.8733201406307
test_1151,3610.6494528163266
test_1152,395.3635332218553
test_1153,3423.772423977225
test_1154,1180.1228267075444
test_1155,3597.30726574614
test_1156,4927.586512033488
test_1157,2109.3854830856326
test_1158,2471.239839854008
test_1159,1998.925622359975
test_1160,1511.9090666652507
test_1161,2061.798851217211
test_1162,2343.8896980352674
test_1163,4402.312286041752
test_1164,762.552018864829
test_1165,565.8720781518473
test_1166,350.2505784117254
test_1167,2092.1441413511106
test_1168,3307.2208226511448
test_1169,3307.715267959746
test_1170,638.7268678651265
test_1171,2327.8695141247854
test_1172,480.14716614605504
test_1173,872.2079583057325
test_1174,702.9695649388036
test_1175,541.9085938677307
test_1176,3057.39659693904
test_1177,5350.254922494545
test_1178,660.7043361760931
test_1179,694.7145495129457
test_1180,588.5835240518895
test_1181,2260.9764389117663
test_1182,971.4452942760454
test_1183,1835.7944167272371
test_1184,1096.0538953621103
test_1185,1521.5200169642312
test_1186,5514.164575034069
test_1187,2049.798173446401
test_1188,866.4159099863692
test_1189,4408.677652582861
test_1190,209.21091799886585
test_1191,1546.0493250624666
test_1192,322.8505439965513
test_1193,1212.5015698940636
test_1194,433.62657455030404
test_1195,1938.777206211872
test_1196,1552.3380537173518
test_1197,3478.889475625022
test_1198,274.27533020492785
test_1199,1481.7791446939777
test_1200,1169.7603119698492
test_1201,2530.1443251923884
test_1202,1380.8235841099518
test_1203,466.377414432695
test_1204,929.1684189743673
test_1205,589.3065152555814
test_1206,1948.1898219577033
test_1207,2801.101411362344
test_1208,1542.504016790506
test_1209,1139.3070722719917
test_1210,745.9519257230165
test_1211,717.2992786462512
test_1212,1588.6918478414118
test_1213,5220.627113269151
test_1214,1147.8105009787955
test_1215,5729.4439215783395
test_1216,510.8846268248881
test_1217,1945.1220847177908
test_1218,602.6628320948543
test_1219,4348.207085311631
test_1220,555.8405967078103
test_1221,455.4168104523648
test_1222,1888.345329330592
test_1223,1512.301822164672
test_1224,1025.7432789063637
test_1225,543.9852142002255
test_1226,4141.47302568339
test_1227,1624.159483830502
test_1228,2384.267268587837
test_1229,431.89851721185494
test_1230,1636.9134283245107
test_1231,5255.854866362577
test_1232,3502.830075702457
test_1233,119.31033895455603
test_1234,1827.816250200549
test_1235,2050.7986364362987
test_1236,1763.6567260268707
test_1237,3121.64953536317
test_1238,3380.0981099203773
test_1239,483.07199952843905
test_1240,684.1203619703065
test_1241,650.0609931315822
test_1242,3234.4280965176995
test_1243,1521.7207392718306
test_1244,2507.5209980973405
test_1245,1106.0000262284116
test_1246,234.30701000010924
test_1247,945.8479118728106
test_1248,731.8012770193425
test_1249,1105.2631353347786
test_1250,472.89827859055004
test_1251,429.366948681423
test_1252,2472.894971016637
test_1253,449.2094794108161
test_1254,4212.265321640713
test_1255,619.4176575234161
test_1256,2255.48862508778
test_1257,994.9224418466658
test_1258,1985.3843828831373
test_1259,1391.7279931394692
test_1260,842.0382973548815
test_1261,5102.344372898132
test_1262,329.9644265962954
test_1263,3293.378238248276
test_1264,1812.4645629199963
test_1265,2334.9322623948774
test_1266,272.2332764403093
test_1267,2419.0911370202334
test_1268,3408.3675787149746
test_1269,1210.1932601728884
test_1270,1474.9505663319105
test_1271,1871.181881223761
test_1272,2053.78215719575
test_1273,814.3702689834057
test_1274,1405.277096734856
test_1275,450.14199449572
test_1276,1662.4615305106277
test_1277,5800.296695884197
test_1278,2170.4836925328655
test_1279,724.4274607620214
test_1280,1234.0940446823447
test_1281,1702.2933148942577
test_1282,3116.8154269309775
test_1283,954.8572197931009
test_1284,765.23297859732
test_1285,1388.885192845272
test_1286,1045.6160069148248
test_1287,606.3226775413345
test_1288,2600.644153700242
test_1289,1193.2453017525245
test_1290,489.2108837728298
test_1291,2747.210134267647
test_1292,574.4855923572809
test_1293,522.7661280339412
test_1294,1058.9960155714577
test_1295,2150.9361945547726
test_1296,1960.4048080905
test_1297,1877.0523732775764
test_1298,1491.4079755519906
test_1299,2820.9011643659032
test_1300,1468.165094970127
test_1301,3660.15691919671
test_1302,596.5492745031083
test_1303,1445.745833451851
test_1304,2202.535469687092
test_1305,908.0954893484691
test_1306,1195.2843167878582
test_1307,537.2363078188141
test_1308,1269.434514417336
test_1309,1274.5452943743571
test_1310,759.7460388414447
test_1311,2105.9932160914345
test_1312,2104.2736203602244
test_1313,1566.4212784820256
test_1314,772.8854472167462
test_1315,728.5312603697025
test_1316,1759.6923415783456
test_1317,3259.1311584090718
test_1318,4656.701213902875
test_1319,1187.946125007711
test_1320,1164.975817349276
test_1321,3196.681227590936
test_1322,235.37883408198684
test_1323,319.3255753835685
test_1324,1764.5545210230143
test_1325,966.6097126617781
test_1326,662.652347935516
test_1327,4586.740075089986
test_1328,1042.4740887819753
test_1329,7834.814662753477
test_1330,551.5777666329402
test_1331,1364.8376735591332
test_1332,849.1333697144945
test_1333,2009.9262072528297
test_1334,555.2886233700832
test_1335,733.5808808741924
test_1336,1166.7865422021353
test_1337,2446.6411591770043
test_1338,634.5208603907479
test_1339,946.1266748401554
test_1340,3127.7734458326886
test_1341,684.2326226502153
test_1342,905.9805672399368
test_1343,766.6689903204629
test_1344,684.5064548558622
test_1345,1704.248932286826
test_1346,1809.6604452065162
test_1347,540.895087117206
test_1348,260.57496767779844
test_1349,928.8180004316546
test_1350,894.4326489019257
test_1351,3084.906118116298
test_1352,2356.7682723165194
test_1353,1465.3255867144458
test_1354,1679.2687967587126
test_1355,1037.547629401091
test_1356,2211.6885801823005
test_1357,1728.6540019463018
test_1358,1239.6514067469889
test_1359,715.4933484332677
test_1360,621.1230731974965
test_1361,1418.884210537774
test_1362,167.2960842184258
test_1363,1122.929703988519
test_1364,2082.1949374520595
test_1365,245.93232391847312
test_1366,1540.9181667230387
test_1367,3110.970103992109
test_1368,858.6685400850647
test_1369,2995.419913432538
test_1370,1055.929637764908
test_1371,1028.897245338636
test_1372,564.9307001684941
test_1373,2563.345100341432
test_1374,1757.567594418822
test_1375,2556.3900706752875
test_1376,3007.935907060313
test_1377,4243.199768678868
test_1378,5795.450166656619
test_1379,4030.7445474137235
test_1380,1697.3151600023148
test_1381,2576.1203716223117
test_1382,2983.953047890662
test_1383,727.0228048847755
test_1384,1435.3039604134012
test_1385,1341.9310971734308
test_1386,736.6483481531588
test_1387,5958.405752152503
test_1388,1401.975136997985
test_1389,1811.0599744828571
test_1390,610.7090793404341
test_1391,2757.948381387294
test_1392,1653.5277954079986
test_1393,1073.718782851458
test_1394,929.9465950738008
test_1395,610.0189347710045
test_1396,1064.89698073255
test_1397,1834.7488683204633
test_1398,1705.1162102984968
test_1399,6758.714266193401
test_1400,742.4644930590689
test_1401,1503.8250302050005
test_1402,2691.9756205280396
test_1403,5995.416970640155
test_1404,439.43724840045945
test_1405,441.717436565524
test_1406,924.1709315611005
test_1407,609.7451406517753
test_1408,745.7460798388621
test_1409,3456.99407431428
test_1410,779.1094150790452
test_1411,1079.3509838034859
test_1412,1074.574340428881
test_1413,746.2606083254944
test_1414,1677.4360414688804
test_1415,3931.9633676957365
test_1416,1515.6052774236496
test_1417,1528.2301870844215
test_1418,1253.1485334372592
test_1419,1409.5627911669585
test_1420,1480.5294097553178
test_1421,3350.349590833269
test_1422,814.2159654481586
test_1423,9595.754492578151
test_1424,1302.3867190203327
test_1425,4688.63356929629
test_1426,1467.5555599813126
test_1427,4069.7320193221794
test_1428,1194.4569056518367
test_1429,2012.3302277816733
test_1430,1102.705102604974
test_1431,594.2310690337188
test_1432,1983.466813461557
test_1433,1417.833818445867
test_1434,735.1808242447419
test_1435,426.787989892365
test_1436,2703.8775184826177
test_1437,262.07915238008127
test_1438,1225.638223355614
test_1439,1592.4044199130387
test_1440,1386.944141052589
test_1441,6871.874987829534
test_1442,4667.965417367544
test_1443,3397.043036359305
test_1444,1460.1010855877546
test_1445,833.5882661131154
test_1446,1282.3690665143417
test_1447,2420.57953091716
test_1448,681.8003801280087
test_1449,2183.4086612743286
test_1450,410.5149679218954
test_1451,3553.068139291877
test_1452,513.2979750253065
test_1453,2536.895006068822
test_1454,1118.3500877993436
test_1455,2280.5965711274907
test_1456,1256.6829358215375
test_1457,1646.7153334262664
test_1458,1715.0439450607396
test_1459,698.2812329403204
test_1460,1788.6514801969556
test_1461,978.5833453109885
test_1462,1607.3754798670227
test_1463,1705.3927277905018
test_1464,2589.6806024496736
test_1465,846.9238393660022
test_1466,845.9810996369717
test_1467,1515.1534228552127
test_1468,1521.8939748139223
test_1469,4034.6934280584073
test_1470,2484.430051678393
test_1471,1607.7716448557633
test_1472,2525.5477735182503
test_1473,953.3492959877341
test_1474,1484.2171955034703
test_1475,1805.4578975500865
test_1476,968.713911236604
test_1477,1851.046976683543
test_1478,641.2820003610509
test_1479,389.2279448044236
test_1480,4008.3521170545146
test_1481,3983.619957437375
test_1482,1218.1902758905776
test_1483,3529.173745747825
test_1484,849.5244088604695
test_1485,2997.5158456725067
test_1486,3051.154041005131
test_1487,3152.813850396581
test_1488,1235.351613745845
test_1489,3540.516313434552
test_1490,356.5047678404289
test_1491,4367.860009432905
test_1492,2938.534265179935
test_1493,2051.701411383012
test_1494,1105.6389023695035
test_1495,1295.9868724849907
test_1496,896.8580837426174
test_1497,774.7222241566901
test_1498,556.8948612534106
test_1499,3274.3080215887912
test_1500,1657.3582444970825
test_1501,267.61003711902777
test_1502,1663.0094179318737
test_1503,1705.9113817822417
test_1504,831.1944183840218
test_1505,1592.1338580818478
test_1506,605.7855310776209
test_1507,2798.3156622745
test_1508,546.4157401339259
test_1509,790.381638067055
test_1510,367.74134868358556
test_1511,2247.9629297619445
test_1512,489.15697549630244
test_1513,1808.1161566270453
test_1514,729.2356584160431
test_1515,1565.1943070199036
test_1516,866.7006653168623
test_1517,406.5400803729426
test_1518,1454.3503373024146
test_1519,2338.321839988977
test_1520,2581.2682537702813
test_1521,3086.1625519600725
test_1522,836.0594662230437
test_1523,1801.5554491389507
test_1524,380.39429543840083
test_1525,1217.071439547639
test_1526,1530.8276093606516
test_1527,1805.0527587840384
test_1528,3146.9848258209113
test_1529,592.8802508790154
test_1530,2576.0444529060264
test_1531,4863.084033968712
test_1532,285.6823885694628
test_1533,318.6944514152017
test_1534,1557.2203974259248
test_1535,3162.420292699482
test_1536,3279.8096874938115
test_1537,7169.347230525389
test_1538,742.0070069676822
test_1539,504.0254779593565
test_1540,950.487886213535
test_1541,3593.0424492039724
test_1542,1491.7477641216556
test_1543,337.0573310121939
test_1544,1839.6119929487422
test_1545,408.01607008539406
test_1546,887.180927329087
test_1547,2423.082071493908
test_1548,989.4426192091835
test_1549,2170.9432956283254
test_1550,1359.1037289700992
test_1551,468.2364972483847
test_1552,3268.7201112578578
test_1553,642.7434716862731
test_1554,986.4582880215721
test_1555,1275.0036534197425
test_1556,1693.1668395702338
test_1557,1865.4064838953782
test_1558,1467.1462792785735
test_1559,2172.5226400424917
test_1560,946.097454396775
test_1561,1420.2426580805259
test_1562,1275.3198886864886
test_1563,890.267726047698
test_1564,2149.7513970348227
test_1565,748.9584626344779
test_1566,465.33973917629226
test_1567,2598.690391488657
test_1568,1423.8780205959797
test_1569,688.3929865012094
test_1570,1913.6308928869696
test_1571,2155.389883585255
test_1572,2159.7783868039046
test_1573,2176.0182535717704
test_1574,1113.2834224617268
test_1575,1818.1373586310258
test_1576,332.32199710476823
test_1577,1654.4912008826848
test_1578,1206.9551918214322
test_1579,1089.7657754248664
test_1580,1931.6340816041454
test_1581,438.10425337387255
test_1582,4026.945340800359
test_1583,5415.281677522185
test_1584,443.1218662745565
test_1585,2227.75598782567
test_1586,226.11976214354073
test_1587,2016.0596283230261
test_1588,656.8382175586619
test_1589,898.7915360855292
test_1590,639.0760778107112
test_1591,3309.4921759465315
test_1592,2066.3838267404617
test_1593,2975.987207530451
test_1594,985.1987486236021
test_1595,122.21551077359486
test_1596,4485.090921474167
test_1597,3144.208316344372
test_1598,2811.938467131271
test_1599,581.5554016556528
test_1600,806.2358257889737
test_1601,3115.6059927427787
test_1602,784.994813894191
test_1603,872.0971370931944
test_1604,863.407637894911
test_1605,428.0587694374798
test_1606,1401.1359837344926
test_1607,3169.895448655235
test_1608,1829.743450904271
test_1609,986.3306201681869
test_1610,1631.952221087519
test_1611,895.9539469169274
test_1612,1913.003705855102
test_1613,655.2406857248377
test_1614,3580.455956428643
test_1615,549.3523032825176
test_1616,3413.6360701563444
test_1617,1292.248326841118
test_1618,3260.598277340995
test_1619,1492.4411475645934
test_1620,1578.2475763179368
test_1621,5532.108974210071
test_1622,1118.775248136465
test_1623,3185.0755027610885
test_1624,2873.3639777096437
test_1625,569.9180948657848
test_1626,314.75479525303814
test_1627,413.79780339117315
test_1628,4585.6617398758335
test_1629,716.7420455119473
test_1630,2753.5925124570867
test_1631,4268.268104680308
test_1632,1289.1582146650112
test_1633,1225.823136381284
test_1634,6539.167275194881
test_1635,856.4821047109577
test_1636,960.6846044832217
test_1637,2719.187228349054
test_1638,886.5107599109388
test_1639,2287.813956578654
test_1640,815.8910462263362
test_1641,760.0485517785073
test_1642,2969.2792570583206
test_1643,1626.2691892323162
test_1644,787.4848382784726
test_1645,1663.2878315547468
test_1646,2303.8680068840686
test_1647,640.0796820683418
test_1648,1896.0029011282795
test_1649,2461.4597491235645
test_1650,828.3367821294196
test_1651,3988.100902587038
test_1652,580.9144138079062
test_1653,824.2904920138822
test_1654,1473.3052860351304
test_1655,463.87981251508154
test_1656,2050.4493386245013
test_1657,1575.8508728319164
test_1658,3558.8979731306845
test_1659,800.3414870348226
test_1660,1429.3659911454115
test_1661,3499.8706906892985
test_1662,599.7873488393002
test_1663,2848.3962053236246
test_1664,668.6243998420033
test_1665,1435.994962135439
test_1666,1154.4342453859713
test_1667,2430.932344040083
test_1668,769.2050005203316
test_1669,2489.74081264631
test_1670,1398.3053306464308
test_1671,2237.574468036146
test_1672,748.0898191180105
test_1673,5836.9685817850295
test_1674,4097.046841078779
test_1675,582.358877633862
test_1676,404.111926023495
test_1677,2382.274679993171
test_1678,2439.3215734701416
test_1679,3882.213020964309
test_1680,834.5820781211104
test_1681,863.4699003678281
test_1682,1853.8927261421118
test_1683,2964.4779925762214
test_1684,2978.088723869637
test_1685,395.3388409094987
test_1686,1028.02155174757
test_1687,387.54590610614207
test_1688,1820.1183364175586
test_1689,4920.101417770396
test_1690,865.5306082379299
test_1691,3192.1777732330397
test_1692,1091.4009381814706
test_1693,2992.1727472407847
test_1694,2217.385885116686
test_1695,4446.458908872735
test_1696,2938.0882459106556
test_1697,779.2894594804575
test_1698,1902.949276165471
test_1699,2732.6418640234706
test_1700,649.265559834507
test_1701,622.9917335232608
test_1702,2443.888279091125
test_1703,7698.638329186602
test_1704,1847.1032858958165
test_1705,1349.812734498197
test_1706,818.8163225643004
test_1707,4346.542701452776
test_1708,1193.2380319793067
test_1709,1733.24989299956
test_1710,764.8085503411144
test_1711,1527.9358431118217
test_1712,646.000919628106
test_1713,777.5260027032016
test_1714,1178.359122701925
test_1715,3293.99132637153
test_1716,1773.541706932343
test_1717,693.7120461146956
test_1718,1528.29366189361
test_1719,642.698629056978
test_1720,1590.3685231381419
test_1721,2494.480997540718
test_1722,1467.6236203340295
test_1723,2068.6899022826274
test_1724,3935.4794989231677
test_1725,1539.2683251205174
test_1726,393.10683029618446
test_1727,2203.8062082189235
test_1728,1458.6665453176204
test_1729,4411.761462005832
test_1730,360.1288408404848
test_1731,620.4055994415091
test_1732,4965.691051682987
test_1733,902.4823630371922
test_1734,797.549113002734
test_1735,2234.4786322590817
test_1736,1606.064833347717
test_1737,377.75350968064674
test_1738,1962.9449295467416
test_1739,1653.398747571923
test_1740,1331.0374030765197
test_1741,771.0782598882856
test_1742,664.373199725509
test_1743,2504.1139786536687
test_1744,2151.3357691128726
test_1745,1153.2602219177109
test_1746,2506.977267325522
test_1747,1754.3935743886318
test_1748,1927.254003342696
test_1749,1854.7397334892548
test_1750,1112.54482271583
test_1751,4208.873999050489
test_1752,615.3661466460203
test_1753,847.7955866332854
test_1754,174.51291391518757
test_1755,1617.7290621868092
test_1756,1706.8057823087447
test_1757,3493.915761837201
test_1758,676.422497791512
test_1759,1749.3413621482403
test_1760,722.1538198314586
test_1761,203.1951334011299
test_1762,2483.956404683181
test_1763,749.3932426903566
test_1764,400.6944127631255
test_1765,382.6499510475894
test_1766,394.61467422659973
test_1767,720.011950374628
test_1768,367.36053625466116
test_1769,2525.165839012975
test_1770,1471.867823318342
test_1771,633.7621093922268
test_1772,1014.0751544867294
test_1773,3956.1216553705044
test_1774,942.2293875495776
test_1775,345.79504426915685
test_1776,3448.3658735830236
test_1777,2711.379933502317
test_1778,1900.6886612148173
test_1779,560.9107006637637
test_1780,507.4913043108294
test_1781,1108.7742639945259
test_1782,334.09787672485305
test_1783,2132.9027999768323
test_1784,1150.8004026298997
test_1785,1374.1949168827477
test_1786,1198.9126089162537
test_1787,1818.9481974268137
test_1788,2546.5346519957266
test_1789,4194.257195863802
test_1790,1050.2305375436333
test_1791,1252.7550876778603
test_1792,601.9223248623166
test_1793,3373.322379863075
test_1794,1416.6589258796894
test_1795,2093.7680275744833
test_1796,2140.893252915361
test_1797,3734.299996289011
test_1798,2134.2524759641556
test_1799,3751.174170399353
test_1800,1704.5764489888002
test_1801,1643.110851022192
test_1802,2308.5357918477093
test_1803,722.8981808063478
test_1804,1495.5564838176015
test_1805,526.4425333474459
test_1806,1062.2170060699693
test_1807,1239.6160007795095
test_1808,759.6320349135283
test_1809,889.7889394146686
test_1810,2565.0154033914996
test_1811,2549.309885478248
test_1812,1788.4099545076201
test_1813,2993.101785777195
test_1814,400.43659477731035
test_1815,1787.5482945922472
test_1816,867.8110043391798
test_1817,2341.3305960030675
test_1818,853.1501643001665
test_1819,2305.80453717108
test_1820,541.4752258782279
test_1821,3495.588197037672
test_1822,658.2087554165851
test_1823,610.406906106019
test_1824,639.8589432361962
test_1825,1161.1072870049634
test_1826,2023.1182864306911
test_1827,579.0807065183468
test_1828,1497.3148191469552
test_1829,4761.65306733207
test_1830,837.7235622185465
test_1831,3865.295808700608
test_1832,1969.1607959125345
test_1833,1580.2486950735392
test_1834,746.2036659508369
test_1835,359.52362111676223
test_1836,493.49750142358073
test_1837,2166.1674917919863
test_1838,728.0167565962399
test_1839,1341.6586851048628
test_1840,3048.1020654812173
test_1841,1351.8636589982812
test_1842,530.2654791234844
test_1843,2119.756515164072
test_1844,484.9949547120069
test_1845,452.03552578163857
test_1846,3290.1604978061687
test_1847,684.7899684510264
test_1848,1677.530690952085
test_1849,1712.2303338281913
test_1850,796.1961958733865
test_1851,3220.699458942332
test_1852,1154.0023765339824
test_1853,1409.9555042577904
test_1854,1379.6152984432185
test_1855,899.2418290986521
test_1856,1323.5234706464303
test_1857,1245.461005159719
test_1858,528.1750121491082
test_1859,1353.231847502327
test_1860,536.571122585075
test_1861,2140.0041141491083
test_1862,1132.770822798383
test_1863,883.2098255796789
test_1864,1109.7917979617318
test_1865,1566.642535597081
test_1866,3507.0581078201176
test_1867,2460.409803530219
test_1868,1069.5910980810295
test_1869,1219.8071992430087
test_1870,531.896527644506
test_1871,659.9117224725479
test_1872,1672.0441822207424
test_1873,1558.0536336264681
test_1874,2332.035468815595
test_1875,2196.872480856694
test_1876,1722.6160574342803
test_1877,3089.846463969695
test_1878,1599.6211479597584
test_1879,2753.5147845833553
test_1880,829.1043533982678
test_1881,2308.1417377143507
test_1882,4928.3171556877605
test_1883,3737.693196206157
test_1884,1227.8249324401716
test_1885,951.970905420919
test_1886,1659.0616705052794
test_1887,1914.9148080089317
test_1888,1249.6636401472701
test_1889,4952.592670838552
test_1890,1202.0776173609047
test_1891,2165.835938052842
test_1892,1597.4768533093647
test_1893,3984.4477289558263
test_1894,1118.4591089284033
test_1895,2701.739107400229
test_1896,607.1658322139028
test_1897,4151.636755759677
test_1898,1614.672596670091
test_1899,2153.668138367827
test_1900,424.49810265131913
test_1901,3004.9663023848952
test_1902,1159.0778632595552
test_1903,3205.3377009280366
test_1904,1649.0942090731655
test_1905,2745.7863803290816
test_1906,1106.0686016674308
test_1907,3051.357421680398
test_1908,985.4054978050642
test_1909,994.0905528720863
test_1910,1809.5419138903287
test_1911,564.9639675358923
test_1912,947.3849003331844
test_1913,3997.5890981341545
test_1914,508.7918757986518
test_1915,1773.1373949129634
test_1916,1281.8857842077975
test_1917,2802.6000244730076
test_1918,1181.2404505826526
test_1919,2776.7647233608022
test_1920,3086.852814918755
test_1921,2819.731339409772
test_1922,1599.7594283886947
test_1923,1760.5019094383433
test_1924,484.25273223434124
test_1925,2927.6686678720216
test_1926,2354.8841892868822
test_1927,1547.7909043652144
test_1928,378.79616774906196
test_1929,1574.660741852736
test_1930,1096.8569097264453
test_1931,4197.905085514536
test_1932,2980.4988143881833
test_1933,922.6237633111615
test_1934,1550.3793932391668
test_1935,3117.339509545628
test_1936,2514.2032206099184
test_1937,2518.8728828734884
test_1938,1984.8673850889256
test_1939,1371.504479736829
test_1940,4084.192255523988
test_1941,2895.246226928041
test_1942,966.7543612443083
test_1943,2086.0624127017263
test_1944,652.2743028880003
test_1945,1361.0041910141392
test_1946,3244.6248269479993
test_1947,941.4768004674895
test_1948,2831.6998715175587
test_1949,1286.25798464566
test_1950,1124.0127508437654
test_1951,2741.060176080083
test_1952,2181.6230252956248
test_1953,354.68727512868884
test_1954,908.7123089160559
test_1955,586.3439044736413
test_1956,1238.6153833308072
test_1957,678.4324459820207
test_1958,496.00280937154764
test_1959,1596.989426359736
test_1960,744.4734583671755
test_1961,1729.1885933474841
test_1962,1103.0554162122908
test_1963,1369.0419387993593
test_1964,1528.4633911116102
test_1965,1733.931039022551
test_1966,1547.91951566121
test_1967,3463.4720682863012
test_1968,3151.9163736509854
test_1969,1718.754944722988
test_1970,488.2661248655552
test_1971,727.2210654060323
test_1972,1485.214974298137
test_1973,7094.97949017966
test_1974,1528.3829061554106
test_1975,3616.248334161351
test_1976,679.5638626129507
test_1977,580.0532858347658
test_1978,1001.9824824470625
test_1979,3373.6081275715856
test_1980,1181.2055638651025
test_1981,1138.3120426542096
test_1982,371.5359943944566
test_1983,1899.2174825554894
test_1984,614.8861308650976
test_1985,929.3610941351257
test_1986,509.3503219248247
test_1987,2608.590255080075
test_1988,219.47706611690717
test_1989,2572.6606654637294
test_1990,962.2622355114365
test_1991,279.2217604265786
test_1992,393.3741564586811
test_1993,2261.7487445811494
test_1994,704.4922598919197
test_1995,1017.71704031476
test_1996,1298.7686256989691
test_1997,3536.2564151284805
test_1998,1479.102699561459
test_1999,1625.9474262086553
test_2000,383.37535012165824
test_2001,713.2294129213699
test_2002,1147.4698013536122
test_2003,2974.9569819038156
test_2004,1283.7958036546452
test_2005,4162.631747446376
test_2006,2393.6833225395567
test_2007,2824.069012349303
test_2008,2691.4695312363747
test_2009,3808.6527893392977
test_2010,1224.8860722856202
test_2011,1507.4743358814455
test_2012,6083.015394722703
test_2013,1515.138133494633
test_2014,2064.341793824608
test_2015,1748.3014548499864
test_2016,2556.2248020390975
test_2017,1915.7840672452444
test_2018,2808.2250188202424
test_2019,775.9965931999036
test_2020,1099.05905801154
test_2021,871.0806550785351
test_2022,1211.4742708319045
test_2023,357.9286891842055
test_2024,8280.287628137965
test_2025,3326.5995628504256
test_2026,1711.3487443700424
test_2027,2147.451498565468
test_2028,2390.6385098866813
test_2029,872.3407715392733
test_2030,2627.197133210156
test_2031,779.3827403180495
test_2032,4086.444249345257
test_2033,1651.5291101154535
test_2034,1241.9966956800413
test_2035,1113.7176787133108
test_2036,2802.8411224567217
test_2037,3937.727598186172
test_2038,871.0595028725679
test_2039,4797.717441972643
test_2040,4540.6549209843615
test_2041,2282.2410790721106
test_2042,1013.5262599948819
test_2043,1127.667908023112
test_2044,1099.859559605646
test_2045,1731.1357746134768
test_2046,573.8406126339611
test_2047,1563.7745262542835
test_2048,1556.5013509143887
test_2049,494.63477221070565
test_2050,1013.6371344303936
test_2051,3294.584187875016
test_2052,1032.4996285553798
test_2053,1622.2284490079364
test_2054,958.4989991771215
test_2055,2212.6547016093946
test_2056,3239.9975643942066
test_2057,686.123581312132
test_2058,1431.535510912261
test_2059,4085.8423060127234
test_2060,2159.7676309821372
test_2061,2558.390698616191
test_2062,1444.7465057436493
test_2063,1854.5253353608853
test_2064,907.201700863803
test_2065,453.8942847871844
test_2066,3454.456378005743
test_2067,1099.4035326589826
test_2068,829.9943846370057
test_2069,3611.9973827749127
test_2070,1154.380434412071
test_2071,1190.1885771311454
test_2072,1588.3960681185974
test_2073,1265.2490264201244
test_2074,276.26508973283984
test_2075,560.7896916015637
test_2076,723.3723864181193
test_2077,4006.1659626453193
test_2078,3244.73502003509
test_2079,1853.4511152211103
test_2080,3864.9333462898903
test_2081,1296.3105279432878
test_2082,664.5836936340331
test_2083,2719.719601730003
test_2084,1371.115321415774
test_2085,1087.8288912329635
test_2086,3556.2852168007603
test_2087,2454.3284174840815
test_2088,799.8500546921242
test_2089,1246.3516133207977
test_2090,4124.299867838796
test_2091,2816.6102065138384
test_2092,1445.598697592271
test_2093,1808.3447714382582
test_2094,2672.8836999060395
test_2095,2508.7606592064412
test_2096,1751.472123413638
test_2097,594.590897635409
test_2098,2101.630558666722
test_2099,2809.029742056906
test_2100,1018.6628534458403
test_2101,841.5196935608303
test_2102,418.8672586731486
test_2103,1474.0346878389553
test_2104,852.3084871477023
test_2105,2696.9859713045157
test_2106,600.5115573031223
test_2107,1433.6943995443485
test_2108,1767.7299506978932
test_2109,1508.297869832441
test_2110,1035.4443762633762
test_2111,922.9051441939195
test_2112,272.4578346683245
test_2113,2401.7146598625204
test_2114,572.2032749177031
test_2115,3151.115302044314
test_2116,3821.952754739501
test_2117,1870.1028882592468
test_2118,698.3854333997194
test_2119,3416.995613214161
test_2120,652.7880196363521
test_2121,2368.5291503669905
test_2122,875.0422665967405
test_2123,1873.406561688097
test_2124,862.3511702546898
test_2125,576.5426812828471
test_2126,2802.9046909315057
test_2127,2994.1049079909153
test_2128,638.2896236312324
test_2129,1838.0548005559913
test_2130,1386.181761739566
test_2131,374.7073969190991
test_2132,2097.1305594129235
test_2133,2785.9258966407388
test_2134,2181.3016196448034
test_2135,1029.8815497418386
test_2136,498.42190541662455
test_2137,1068.4476469728943
test_2138,1742.131728501161
test_2139,1714.23660534688
test_2140,650.9461581038579
test_2141,737.5195606032989
test_2142,448.3993823295228
test_2143,1163.4183098894719
test_2144,2834.312261743459
test_2145,1635.9308581420648
test_2146,1255.9832593123006
test_2147,1211.5678286473794
test_2148,987.715176321914
test_2149,1809.9753227125575
test_2150,5105.515733498266
test_2151,893.7352656654194
test_2152,378.59025190740283
test_2153,2530.704865142251
test_2154,3659.769018729068
test_2155,918.6358830909996
test_2156,324.05953957060393
test_2157,1827.049486182703
test_2158,1860.165858687818
test_2159,692.8075976338807
test_2160,451.48302931016025
test_2161,4848.476260022782
test_2162,243.4570149642189
test_2163,1199.3270187245364
test_2164,2543.6771733698783
test_2165,1642.6939695341387
test_2166,1424.458781407337
test_2167,2937.150529069473
test_2168,2322.9155286131863
test_2169,2053.3233724308575
test_2170,836.6039736987435
test_2171,2348.156585298716
test_2172,3759.6594555607503
test_2173,4916.8676697371575
test_2174,652.3347503126373
test_2175,324.9500912826812
test_2176,608.9179935989905
test_2177,613.2090170544175
test_2178,486.8505042115933
test_2179,4926.293328391868
test_2180,4654.178221547642
test_2181,373.33866359399644
test_2182,541.5908257316814
test_2183,2832.401839534764
test_2184,1997.8048646179216
test_2185,1108.60205929444
test_2186,1776.6068419711723
test_2187,1052.636428863788
test_2188,426.9618331994708
test_2189,2701.8722370530627
test_2190,834.1183339896717
test_2191,3619.2396329628264
test_2192,1269.472686748561
test_2193,1054.0674596698307
test_2194,6664.411003993027
test_2195,2560.3840464379537
test_2196,896.2620351751821
test_2197,2340.802121896343
test_2198,1278.704607638815
test_2199,2020.420232399187
test_2200,2210.985239425815
test_2201,2033.7795879189232
test_2202,1435.8237921481407
test_2203,3317.3266818759143
test_2204,980.2834302157985
test_2205,3878.132770250406
test_2206,858.014173543414
test_2207,1870.8647856442099
test_2208,2748.359364733762
test_2209,3565.4013382865746
test_2210,3839.4058255554687
test_2211,805.9971652463382
test_2212,889.4717043463681
test_2213,2406.1778552418564
test_2214,870.854778680843
test_2215,1636.3560213242233
test_2216,763.7343665008832
test_2217,3776.6781186922826
test_2218,705.9455224375442
test_2219,590.6219713658813
test_2220,494.8990521764363
test_2221,809.1769922206151
test_2222,1351.4718305057395
test_2223,616.9721381749048
test_2224,2915.758034767728
test_2225,773.6046429240129
test_2226,1011.1771286370049
test_2227,2309.2931008672795
test_2228,509.0012466616989
test_2229,482.4166583543756
test_2230,535.1139331297253
test_2231,4320.997100473258
test_2232,1566.1829461402426
test_2233,556.556787039689
test_2234,1313.051627969741
test_2235,447.6515094824433
test_2236,1821.0977541943935
test_2237,1235.0211985240448
test_2238,3144.3587363305815
test_2239,1428.0076771278004
test_2240,3585.933044596161
test_2241,1335.9218955306958
test_2242,4234.419770490965
test_2243,414.5372351837717
test_2244,680.7934940442105
test_2245,2344.7948352932035
test_2246,3740.0410419253444
test_2247,1662.6209797163426
test_2248,1630.784593059131
test_2249,1066.353057458556
test_2250,440.0026725114351
test_2251,3292.388185480254
test_2252,1192.6137553939711
test_2253,2526.343426586957
test_2254,755.9631507950912
test_2255,1295.8150840602373
test_2256,1365.355500194662
test_2257,4247.503584211964
test_2258,2270.043518987488
test_2259,1546.4481906901983
test_2260,1849.702820606999
test_2261,824.7442438950579
test_2262,1125.0630410646427
test_2263,2989.4438046615046
test_2264,743.0960334874321
test_2265,3009.152970060798
test_2266,2717.097186152474
test_2267,2477.6679596131853
test_2268,2315.1208013955356
test_2269,7802.1051692742985
test_2270,1341.0506473905161
test_2271,3968.2903093049745
test_2272,713.7707836101235
test_2273,671.6743391109146
test_2274,770.4954311807372
test_2275,2014.160166538917
test_2276,958.6671578328489
test_2277,2241.581722646317
test_2278,413.0461616321305
test_2279,5359.528272278153
test_2280,834.5424332146191
test_2281,3869.1796072309553
test_2282,830.1076751954341
test_2283,1673.2181617068518
test_2284,2515.8543122335855
test_2285,2443.9261258549404
test_2286,510.24001670555754
test_2287,2915.5218208820684
test_2288,2625.478216580609
test_2289,5363.72484716069
test_2290,2195.143543020041
test_2291,1791.260758197364
test_2292,2817.069664631459
test_2293,3273.876729517171
test_2294,972.5619444633141
test_2295,1025.9660951523733
test_2296,2355.608216874149
test_2297,683.4986338277885
test_2298,2435.601270281153
test_2299,3595.5166689180032
test_2300,1344.1448115801231
test_2301,3647.140544028079
test_2302,4001.0458786037516
test_2303,3370.9093956718466
test_2304,602.7191146099442
test_2305,3935.003617544401
test_2306,291.4736968121895
test_2307,392.33899772376196
test_2308,1082.4757040955815
test_2309,1357.0360509849068
test_2310,3509.6709942232083
test_2311,3451.9197059621147
test_2312,3392.224867019864
test_2313,2283.341546592706
test_2314,560.2659173893337
test_2315,3695.9604443522444
test_2316,1093.2271779858434
test_2317,940.0805034143892
test_2318,601.5790609218875
test_2319,2429.102362868436
test_2320,3468.40452425219
test_2321,2042.6569867845924
test_2322,1525.4189855635234
test_2323,2997.02005294799
test_2324,3859.2907711201274
test_2325,1847.7217451799308
test_2326,1173.7921383544362
test_2327,1757.3249137659961
test_2328,914.5823353115243
test_2329,528.4500163159652
test_2330,469.6226404243715
test_2331,1009.5458602772164
test_2332,2076.7243595459404
test_2333,1449.9114572970575
test_2334,1064.9391140469015
test_2335,940.0271977507184
test_2336,1641.6731102808644
test_2337,1446.0269351370075
test_2338,810.7436387492162
test_2339,1297.9155760769788
test_2340,2096.591146251303
test_2341,2893.6515122498927
test_2342,1336.9122091595498
test_2343,794.4018639363628
test_2344,438.5739558544773
test_2345,4719.130566938964
test_2346,687.9554442822493
test_2347,2493.7348737218845
test_2348,3425.698707928956
test_2349,2713.2012268393264
test_2350,3849.007072027968
test_2351,1137.6383505290519
test_2352,1025.0171641785773
test_2353,750.083107982678
test_2354,539.7905208507003
test_2355,1081.6571601328806
test_2356,1725.4236623166198
test_2357,2612.9107267216095
test_2358,755.7846646714186
test_2359,3310.0304407559693
test_2360,1744.561938510606
test_2361,833.4803957501008
test_2362,525.5663415601905
test_2363,3211.1654408309023
test_2364,377.70170966071305
test_2365,654.3713669923104
test_2366,3137.002176525615
test_2367,2992.4464940922494
test_2368,531.8850237475615
test_2369,741.6360623912258
test_2370,3220.6126076602413
test_2371,4589.247007015407
test_2372,1736.7735996909478
test_2373,595.732213789765
test_2374,383.09645932721475
test_2375,75.397122199839
test_2376,746.3553341541649
test_2377,1454.3713949861672
test_2378,707.0774613445092
test_2379,1422.1013613544208
test_2380,1375.1546394311085
test_2381,4482.394950958845
test_2382,680.9446694420589
test_2383,683.3205254245713
test_2384,1395.4091496323006
test_2385,370.6162114068925
test_2386,2118.3124368339477
test_2387,4035.904603688902
test_2388,2110.9310688857067
test_2389,911.9073591246396
test_2390,566.8685341461917
test_2391,388.76956000944506
test_2392,1737.9677315708475
test_2393,5073.498980169012
test_2394,2018.0958975030526
test_2395,2387.926412346066
test_2396,448.7383627667481
test_2397,610.8199111677046
test_2398,558.8916265513375
test_2399,1112.0311676823803
test_2400,3820.8950971468576
test_2401,2658.410190927566
test_2402,1274.428708279915
test_2403,843.3097626915654
test_2404,1104.034386957665
test_2405,1914.5847010362481
test_2406,614.9226478559144
test_2407,4101.295240736967
test_2408,898.72174081998
test_2409,1272.854544247287
test_2410,1910.521693201759
test_2411,1316.9401910243691
test_2412,1505.6695041991225
test_2413,884.253144855788
test_2414,1303.940767340319
test_2415,591.8674209138039
test_2416,4473.216448534673
test_2417,3431.7954172113905
test_2418,461.3246526108611
test_2419,2416.8158504067305
test_2420,1007.0041833949708
test_2421,1966.9314258428976
test_2422,1979.6421499461271
test_2423,4569.103715861083
test_2424,711.1671523635885
test_2425,512.7884215085013
test_2426,543.7995529545492
test_2427,588.8183744085176
test_2428,3248.004197164879
test_2429,1591.7510423502372
test_2430,867.4326822378812
test_2431,944.3893710808109
test_2432,3849.3453382298717
test_2433,918.4951395846092
test_2434,5352.301757078914
test_2435,926.3819462863014
test_2436,3099.454006199483
test_2437,1210.1376170438634
test_2438,985.423668978169
test_2439,2177.8303818574996
test_2440,572.5303017304809
test_2441,4156.3874903321475
test_2442,366.59368582277955
test_2443,8462.132009330238
test_2444,833.9542164858195
test_2445,609.4422699924576
test_2446,3308.5037014646296
test_2447,454.901566644528
test_2448,896.6609617100921
test_2449,4475.715045949397
test_2450,659.0835479077573
test_2451,1880.8880931698884
test_2452,1839.4063563963996
test_2453,1022.0064138591673
test_2454,1144.5744436716254
test_2455,1534.4978127185195
test_2456,640.5594623040602
test_2457,4552.856984669891
test_2458,486.5640916552416
test_2459,3092.1169572581543
test_2460,437.29948012575124
test_2461,2436.0968186290675
test_2462,5120.597561541171
test_2463,1925.9014183268118
test_2464,1012.6859806162279
test_2465,533.1686497160108
test_2466,805.1116799737972
test_2467,1747.7682618729814
test_2468,729.7328824201436
test_2469,1028.4622983294403
test_2470,2537.9865159327337
test_2471,8013.017581081118
test_2472,440.73099831488867
test_2473,4354.3049569525365
test_2474,1613.605963963796
test_2475,7324.273429444711
test_2476,2427.5816309600873
test_2477,3083.921572846322
test_2478,671.9151717542759
test_2479,1108.4087593859851
test_2480,643.9418720361152
test_2481,3244.8696965451245
test_2482,983.0395806209206
test_2483,1011.5584969178037
test_2484,654.9657275940876
test_2485,1762.0503544363776
test_2486,1589.9238732744864
test_2487,1602.5407587599643
test_2488,2633.1792691301443
test_2489,2410.0363647610216
test_2490,712.2769569760594
test_2491,4363.763781023423
test_2492,1577.9929045138106
test_2493,249.66151560508598
test_2494,563.2271860152429
test_2495,6261.516641109335
test_2496,2599.467098694292
test_2497,4907.283840565351
test_2498,3450.282750849724
test_2499,2178.6823721244414
test_2500,568.6217153946097
test_2501,1055.1408235327967
test_2502,2437.891141301676
test_2503,3203.6377616596446
test_2504,551.0367400785374
test_2505,2787.3989684864314
test_2506,1586.4318409484388
test_2507,1264.2434013963816
test_2508,850.8876839969976
test_2509,385.61852845401484
test_2510,662.1732116113185
test_2511,5295.644183959104
test_2512,740.1349468110928
test_2513,1464.8420851878182
test_2514,444.8498070593913
test_2515,598.247200228724
test_2516,1583.6377906200967
test_2517,4643.08507772491
test_2518,1945.5478742823916
test_2519,2044.3954213912114
test_2520,211.79631277475613
test_2521,2952.865642813159
test_2522,1313.0254146807954
test_2523,3087.269052682929
test_2524,914.8219247869705
test_2525,1755.1216592130365
test_2526,1082.964299716683
test_2527,1603.7342603327643
test_2528,2152.3121265807
test_2529,1719.1561314182889
test_2530,1417.1755529567745
test_2531,2868.9611705868124
test_2532,2429.4837982689996
test_2533,1345.377419226233
test_2534,229.33923897710588
test_2535,604.0992081969525
test_2536,811.9812538263739
test_2537,2047.8272621349406
test_2538,2264.760746983121
test_2539,2159.1683251920017
test_2540,937.4538822614521
test_2541,1043.57046785256
test_2542,1764.477673568788
test_2543,6468.55263252811
test_2544,2387.0371212060363
test_2545,725.3342764765626
test_2546,2761.7738206769063
test_2547,530.5243998973948
test_2548,1092.5660833861962
test_2549,1931.9187664898573
test_2550,2029.1329214290718
test_2551,1929.6753308279297
test_2552,477.6491751485513
test_2553,583.5367528241328
test_2554,685.2651472492696
test_2555,389.54416368018076
test_2556,544.8830130314991
test_2557,1924.3890835338152
test_2558,508.6816151878693
test_2559,1320.6340217760667
test_2560,2045.7794428999953
test_2561,3762.2811817793527
test_2562,2815.0082254857216
test_2563,1788.834763204938
test_2564,1101.8961999448247
test_2565,564.5010242694565
test_2566,2341.1500560017157
test_2567,1519.5057984165173
test_2568,998.5592606327906
test_2569,2555.1882533101425
test_2570,919.3558154608172
test_2571,2076.165377102753
test_2572,1963.966854217107
test_2573,3641.057842145111
test_2574,753.8972799703274
test_2575,1856.8082342558698
test_2576,1720.041305950572
test_2577,1174.3030623315822
test_2578,210.1758428158112
test_2579,2461.962725016231
test_2580,1413.7377123649585
test_2581,3895.8646678418845
test_2582,1403.8366145017364
test_2583,405.71469169489046
test_2584,1069.087772867862
test_2585,959.8960561059909
test_2586,3650.7984028941155
test_2587,2785.713471704438
test_2588,695.1460997580625
test_2589,1334.7084130160433
test_2590,3312.512776521023
test_2591,1278.371208818492
test_2592,475.5213127497476
test_2593,1714.605864216097
test_2594,1161.008850205434
test_2595,2087.5249470455788
test_2596,2092.573863982862
test_2597,2092.4470739257968
test_2598,763.138287512283
test_2599,3413.83464470117
test_2600,2647.9113548119803
test_2601,862.720109322264
test_2602,646.6486259886581
test_2603,5116.7666573798215
test_2604,3127.0260430738354
test_2605,1339.3988174407923
test_2606,1157.759627595392
test_2607,587.5169549353093
test_2608,271.3864020047582
test_2609,960.4101535005983
test_2610,1012.1892541297551
test_2611,794.6586076574165
test_2612,2980.934369176417
test_2613,1466.4331338611296
test_2614,804.2588233058344
test_2615,367.42102323342067
test_2616,1975.742600100161
test_2617,2931.159064926331
test_2618,1202.483707859438
test_2619,1164.6993885307925
test_2620,1420.2141282897928
test_2621,811.2321752778548
test_2622,2819.292920603527
test_2623,1067.0383771985144
test_2624,839.086484830487
test_2625,955.4827161932623
test_2626,674.0116589113427
test_2627,2300.82886230596
test_2628,612.0831139092809
test_2629,1326.0703100014343
test_2630,864.6026760469246
test_2631,430.540712330172
test_2632,1244.4760584161104
test_2633,1629.9369159863904
test_2634,596.3669716998478
test_2635,340.3893485708011
test_2636,938.9980011303867
test_2637,1684.1609547492944
test_2638,1456.7627444859613
test_2639,3114.9270450528265
test_2640,433.24735754870994
test_2641,2620.170508700334
test_2642,3608.3916789405134
test_2643,411.21290783145673
test_2644,1482.0778674704256
test_2645,448.82371237449803
test_2646,394.50799703498694
test_2647,3938.187162026701
test_2648,3130.141605354356
test_2649,315.7711264649698
test_2650,557.5578721317179
test_2651,3843.998192646054
test_2652,2699.5051705380365
test_2653,2076.697305478237
test_2654,1452.7180460244656
test_2655,868.2359069955417
test_2656,2517.9956079709755
test_2657,1955.2916056303156
test_2658,1020.3093042769633
test_2659,1797.570918477231
test_2660,753.256287956143
test_2661,202.0700765707703
test_2662,3856.6908403153957
test_2663,3324.7481484977097
test_2664,516.6559415936794
test_2665,2411.1524314513144
test_2666,1894.7639722987137
test_2667,1139.4496508141297
test_2668,492.4686040891547
test_2669,893.1569914131161
test_2670,2690.581079171029
test_2671,1955.326203433895
test_2672,443.9155639723721
test_2673,3087.98571529614
test_2674,520.0131207702439
test_2675,1381.3409352773049
test_2676,667.3253029013142
test_2677,1274.4611715715455
test_2678,4067.7628883713937
test_2679,1055.0092578254644
test_2680,980.5453872035735
test_2681,1400.0275817568731
test_2682,844.678875713537
test_2683,2711.5227365384853
test_2684,1100.0155157346846
test_2685,491.3972022370091
test_2686,1086.6483801491668
test_2687,1047.9522499751436
test_2688,551.6655339213054
test_2689,2932.21675353025
test_2690,1151.3500383089317
test_2691,1304.327242555691
test_2692,1312.3066420714056
test_2693,11982.191358009728
test_2694,568.6274680312846
test_2695,4029.820332933621
test_2696,468.3908006726316
test_2697,1599.4819571362414
test_2698,1199.4232130317519
test_2699,1058.4076504051163
test_2700,1697.6523895512746
test_2701,4121.389101191855
test_2702,2500.8648089266107
test_2703,382.4571520085941
test_2704,1693.3881972869015
test_2705,301.2870406923798
test_2706,250.8324537397575
test_2707,672.48714138348
test_2708,3436.6193396005146
test_2709,1249.7768800835734
test_2710,2749.944133940778
test_2711,3368.5318075988816
test_2712,754.96848408541
test_2713,2759.95564504007
test_2714,1139.499149750301
test_2715,1301.4364288859551
test_2716,392.3628737603185
test_2717,956.2960571742117
test_2718,1212.6437965811135
test_2719,556.960745602268
test_2720,2903.7875486072667
test_2721,711.8275873148953
test_2722,3366.9624601809846
test_2723,587.6352188529515
test_2724,1884.0323152337178
test_2725,2315.4179538782405
test_2726,662.7539723889404
test_2727,946.9835437902543
test_2728,1370.2085830013862
test_2729,5687.9199128659975
test_2730,1178.7662032604244
test_2731,3183.7532439690935
test_2732,771.9570798610891
test_2733,3557.917635488566
test_2734,1786.1256002599903
test_2735,1497.7295183280303
test_2736,1313.5732441882296
test_2737,1646.6166323731813
test_2738,2819.446810266446
test_2739,440.33280043564747
test_2740,2779.4128032483677
test_2741,3411.7466219055937
test_2742,529.6616766543358
test_2743,2457.8269851804525
test_2744,454.0765128301594
test_2745,2378.691190628396
test_2746,1423.096043012878
test_2747,2080.2313104770983
test_2748,430.5710463307296
test_2749,5590.911305266779
test_2750,1522.0880302360765
test_2751,1304.1168045309296
test_2752,867.3562176393484
test_2753,1608.8175870046994
test_2754,1011.1494028982652
test_2755,2208.0631866344283
test_2756,491.17654513167327
test_2757,4908.030224528139
test_2758,1023.3807773513718
test_2759,4528.942062603229
test_2760,2293.420866369419
test_2761,1664.718572710755
test_2762,1001.4835972555682
test_2763,890.4399182120306
test_2764,1499.9809853296692
test_2765,349.8617554750741
test_2766,2904.998082722565
test_2767,1220.4568391162027
test_2768,602.6169806701826
test_2769,2656.3611377648526
test_2770,4377.282980992821
test_2771,1144.6594916061892
test_2772,910.5060566088007
test_2773,1917.8231745691119
test_2774,3113.1506126087897
test_2775,1672.361483928932
test_2776,1248.298245317439
test_2777,7258.479372578973
test_2778,2177.660726993695
test_2779,721.4804021175983
test_2780,640.9855672046779
test_2781,288.7185772595344
test_2782,591.5035018014103
test_2783,631.4226968996954
test_2784,954.1531387034258
test_2785,2064.0705315828804
test_2786,706.6616009850318
test_2787,2123.816476583982
test_2788,1780.338725952192
test_2789,238.71978844713442
test_2790,683.7103935047039
test_2791,3662.802610736505
test_2792,2470.84175675352
test_2793,2898.6889813104535
test_2794,1801.9221459605174
test_2795,1620.8317608208288
test_2796,1262.8370095020348
test_2797,3893.342247347231
test_2798,781.1148047405247
test_2799,1795.7782761502622
test_2800,2243.1992809198446
test_2801,6505.578433802339
test_2802,2776.980873064659
test_2803,2364.525303903962
test_2804,578.9724586575843
test_2805,282.26983548166936
test_2806,974.1189978237595
test_2807,3430.0051182270354
test_2808,3014.1887450051445
test_2809,753.09799542066
test_2810,495.7107503755417
test_2811,1387.6811468444255
test_2812,574.5949502579742
test_2813,3962.042122272325
test_2814,258.3196855213279
test_2815,1848.8949586613023
test_2816,471.4781288379828
test_2817,2080.4673273834114
test_2818,845.7106598306802
test_2819,2540.038851042749
test_2820,1524.6383944934419
test_2821,1197.7208864691918
test_2822,613.5647032311332
test_2823,3004.387773782455
test_2824,5233.579937914569
test_2825,879.5410339073558
test_2826,1997.2204271043652
test_2827,1104.6179696390393
test_2828,666.4207395399812
test_2829,1279.2016595492105
test_2830,699.0823844626749
test_2831,2204.640455112877
test_2832,1239.4326471201407
test_2833,1259.7015644583387
test_2834,2357.1098460375206
test_2835,468.6277647900564
test_2836,2586.7103492606557
test_2837,2112.4470538719347
test_2838,973.5045118422763
test_2839,1319.7628636049424
test_2840,277.8946750043609
test_2841,1530.932305267904
test_2842,535.7697008963266
test_2843,1901.4036398832477
test_2844,1889.299489965826
test_2845,1196.8919121860313
test_2846,1256.0918372475294
test_2847,1770.7471680637423
test_2848,3678.3688958469183
test_2849,1942.1949846617167
test_2850,678.3466971178149
test_2851,5901.96570773715
test_2852,2015.1644384497065
test_2853,931.8261178000259
test_2854,1583.583769622976
test_2855,2573.412047209441
test_2856,729.778487315489
test_2857,1831.5878470145185
test_2858,1288.0786674866845
test_2859,2496.0850487584976
test_2860,1946.8733077254078
test_2861,997.8907544910458
test_2862,1247.08053574305
test_2863,1773.582026354256
test_2864,3860.061876350217
test_2865,860.716118257249
test_2866,786.6113913333777
test_2867,1644.9716236717861
test_2868,3720.3953257524367
test_2869,4926.305638146194
test_2870,1158.715409171389
test_2871,4210.295501741508
test_2872,703.711376192271
test_2873,754.8861530763137
test_2874,2824.094526922799
test_2875,2071.2789934864713
test_2876,1199.3399803105956
test_2877,268.0151227587343
test_2878,788.0522910850865
test_2879,1485.017287128022
test_2880,1357.9844408744075
test_2881,560.5503801013556
test_2882,1291.189035741495
test_2883,1859.2996898494812
test_2884,1051.7065096173437
test_2885,740.1978609901489
test_2886,2779.94811871994
test_2887,1551.1454190493905
test_2888,1725.1564646850604
test_2889,3174.22493303215
test_2890,1092.4619332434859
test_2891,2175.793569656341
test_2892,813.6230410511498
test_2893,1861.3360926886226
test_2894,1809.7143054934136
test_2895,3302.2482746471323
test_2896,1935.755767409752
test_2897,2931.4870405513375
test_2898,715.0658500617812
test_2899,1700.787824101997
test_2900,1363.3085517371132
test_2901,380.9628351377314
test_2902,1222.23085126782
test_2903,894.3994832612257
test_2904,1530.526246805753
test_2905,649.5000600735468
test_2906,494.2839051840957
test_2907,579.3063059086568
test_2908,590.5028262884989
test_2909,2319.5897426074935
test_2910,935.1437274297292
test_2911,2126.5243183075618
test_2912,4644.7606180893745
test_2913,1265.8954236173572
test_2914,1213.6915469582077
test_2915,4540.300423665189
test_2916,369.55904845897896
test_2917,709.8710265525576
test_2918,1923.9056083861074
test_2919,779.7307235146573
test_2920,972.6237911234035
test_2921,4221.204135458518
test_2922,3557.7277296503007
test_2923,771.123741371032
test_2924,2247.182575256005
test_2925,356.51354856435347
test_2926,1340.771763001336
test_2927,2007.1678304847112
test_2928,866.254516717898
test_2929,1792.7239188540398
test_2930,1255.8929221393519
test_2931,672.0709544761577
test_2932,2043.7257372310307
test_2933,889.8910373299154
test_2934,1048.1141999238039
test_2935,1211.3730414889396
test_2936,1330.9257406378954
test_2937,790.6039901908129
test_2938,269.2830761470909
test_2939,4166.419499188931
test_2940,989.0388979907337
test_2941,4823.217931167259
test_2942,364.0250693853939
test_2943,1062.590530838545
test_2944,896.6552640022497
test_2945,827.032713645991
test_2946,2703.466577891665
test_2947,2496.5746690449914
test_2948,153.99372948076677
test_2949,858.6891959509503
test_2950,437.31311281693456
test_2951,4493.6377522497205
test_2952,478.0688366447573
test_2953,1690.749557955701
test_2954,1570.9188214039723
test_2955,367.83609034981583
test_2956,953.1341192278007
test_2957,459.93459824795684
test_2958,644.011726681581
test_2959,3029.0403348804707
test_2960,568.6345413514023
test_2961,2111.6519100233386
test_2962,2846.3901235173803
test_2963,1905.720561190628
test_2964,1255.289866107371
test_2965,789.1612549685269
test_2966,1167.6466275678545
test_2967,856.867080840043
test_2968,1145.0915776082034
test_2969,1893.9479661536743
test_2970,1340.3600783216975
test_2971,1168.4629990650024
test_2972,426.2636284790459
test_2973,1987.1738042927645
test_2974,1727.2446769106314
test_2975,840.206591487785
test_2976,1297.7635564988138
test_2977,3538.2420208655954
test_2978,872.5200226275856
test_2979,728.0348275869642
test_2980,746.0306592310419
test_2981,4930.858825681613
test_2982,3805.686935001966
test_2983,1472.5457793628702
test_2984,907.9940177694007
test_2985,3665.0580836476256
test_2986,2146.5497763891753
test_2987,1060.0485170679267
test_2988,4725.121319401381
test_2989,1651.4830642374063
test_2990,2780.559013678054
test_2991,3019.2774265853795
test_2992,2183.111766972411
test_2993,3407.098119707068
test_2994,381.57814260966654
test_2995,1822.594600745013
test_2996,3050.9380481445896
test_2997,940.2544351662195
test_2998,338.86128861765394
test_2999,1762.28870526576
test_3000,384.662705397724
test_3001,1185.5572313702153
test_3002,558.6106362073042
test_3003,1199.272746802907
test_3004,530.9718885028345
test_3005,1163.426699071591
test_3006,2826.8492457967436
test_3007,2158.625508755463
test_3008,1344.5687991674715
test_3009,379.2438192420658
test_3010,816.6203859019624
test_3011,719.5851054681507
test_3012,775.1106429488757
test_3013,530.4292602226515
test_3014,476.0874782916427
test_3015,2036.0488407717241
test_3016,3717.7010202268334
test_3017,2910.1035849106584
test_3018,353.4947396305911
test_3019,10778.469964019932
test_3020,712.9868003612394
test_3021,4197.614228977196
test_3022,1218.549908929073
test_3023,4214.7733812753395
test_3024,1087.7810864722312
test_3025,614.427981563514
test_3026,1656.4089418750707
test_3027,1663.0567133281024
test_3028,2259.2423550599406
test_3029,2475.286873611053
test_3030,1934.2856748644758
test_3031,3186.4686341714714
test_3032,432.50512698235
test_3033,4187.58848560579
test_3034,4093.419377601298
test_3035,1193.045784988164
test_3036,1310.7351574981815
test_3037,4372.9682813222125
test_3038,508.9264251832534
test_3039,3383.9974631768996
test_3040,781.7493422471414
test_3041,535.9548464080561
test_3042,1059.523172479114
test_3043,1515.6142125587976
test_3044,1136.4612856813142
test_3045,2762.610115840708
test_3046,556.7977266502719
test_3047,1867.2135070466197
test_3048,1618.5816732554158
test_3049,1898.2577490021674
test_3050,1466.5016711446033
test_3051,620.9668270708581
test_3052,351.87548112221197
test_3053,1122.5835430590582
test_3054,1874.7734400961826
test_3055,1561.5941079324075
test_3056,1072.9381031110247
test_3057,1645.9096553862262
test_3058,1516.8039271615203
test_3059,956.8683310475061
test_3060,849.6435054339865
test_3061,4538.958254995412
test_3062,645.7586991345369
test_3063,2943.2265082680788
test_3064,1568.7206341873434
test_3065,1969.9009255626597
test_3066,1238.632154415117
test_3067,2679.164534143317
test_3068,1962.4033499760599
test_3069,913.5785637522349
test_3070,1687.648459377307
test_3071,1037.2201900584178
test_3072,1159.782540232486
test_3073,856.1378235797049
test_3074,1475.6396796184908
test_3075,1412.90129186514
test_3076,1065.4693835419307
test_3077,3115.9786289172243
test_3078,237.3970064957681
test_3079,4134.783994698775
test_3080,395.93559042242305
test_3081,625.0998206996087
test_3082,1647.9066370326157
test_3083,2227.7633148259683
test_3084,1367.5753677661542
test_3085,2004.0459896871664
test_3086,1840.260146163012
test_3087,1978.7215071077535
test_3088,3274.7377949300335
test_3089,966.2168096773987
test_3090,3848.863951428076
test_3091,6400.913637083702
test_3092,1727.8160037906428
test_3093,3058.7800161059126
test_3094,1130.2265838838923
test_3095,836.5306399232581
test_3096,1032.1447990295308
test_3097,770.3472344784527
test_3098,452.94689871424407
test_3099,2562.3844262480466
test_3100,1434.5978002854715
test_3101,2611.46213832219
test_3102,1027.600312134898
test_3103,1237.8155978158154
test_3104,616.3130353419597
test_3105,2446.606636569979
test_3106,283.5803539236888
test_3107,3218.274918449267
test_3108,865.8492225276087
test_3109,2364.772530327039
test_3110,1650.9533154280036
test_3111,511.5004770949621
test_3112,1695.9015281778074
test_3113,1359.4041668894674
test_3114,664.6988988321584
test_3115,2409.56732325776
test_3116,2108.619300805841
test_3117,4296.5918164683
test_3118,572.4932623845438
test_3119,2733.464565342295
test_3120,3324.7036870476386
test_3121,578.8517007313019
test_3122,1826.136829263342
test_3123,1662.708610971821
test_3124,1757.3329136010518
test_3125,858.6568253596449
test_3126,732.1207684721963
test_3127,770.0497925614912
test_3128,1226.8272443139379
test_3129,2162.809337132843
test_3130,1633.4992343575354
test_3131,1352.5787988375519
test_3132,3399.185065337495
test_3133,4738.730633397401
test_3134,686.9765124611724
test_3135,1247.171983607108
test_3136,412.49871493642723
test_3137,905.8929117949889
test_3138,650.0798318743292
test_3139,745.1413745198124
test_3140,3972.8193563655223
test_3141,1620.1008645438756
test_3142,2513.200341821598
test_3143,1875.4913885400492
test_3144,1121.7363011365615
test_3145,1377.2518165860176
test_3146,3517.0379107661347
test_3147,368.0179522975819
test_3148,2820.573843807772
test_3149,1553.2323096461246
test_3150,813.9689159302427
test_3151,2414.672026436613
test_3152,571.1651481630065
test_3153,794.6901827735032
test_3154,831.308972570001
test_3155,577.3101619815909
test_3156,353.9480255620051
test_3157,1753.6820781490158
test_3158,2856.6424009257125
test_3159,399.56494499923707
test_3160,632.413025217264
test_3161,2366.920614293337
test_3162,5646.59149844927
test_3163,1797.271569224566
test_3164,2459.862148094662
test_3165,769.3185939296759
test_3166,1424.704821540333
test_3167,2441.0367663411034
test_3168,4439.661833782408
test_3169,1848.0937686906987
test_3170,605.9919514299058
test_3171,354.2168827650049
test_3172,779.2169248309224
test_3173,1566.6519166248436
test_3174,1195.880252151269
test_3175,558.9302065986107
test_3176,815.1314795159715
test_3177,728.4799066249659
test_3178,236.7818981574066
test_3179,919.8529236429431
test_3180,1832.6736558583043
test_3181,624.2841811836322
test_3182,1578.2703797214963
test_3183,2356.4880239110316
test_3184,654.4532240130341
test_3185,198.78544214274808
test_3186,2446.118333561398
test_3187,982.8704663793146
test_3188,359.8123525700373
test_3189,1130.942950632471
test_3190,1854.0318725915276
test_3191,2102.1917883611445
test_3192,1009.5067153864393
test_3193,2842.4686263877848
test_3194,1557.1032847358565
test_3195,648.9257352483824
test_3196,1083.0065148657022
test_3197,950.3670354633881
test_3198,4320.1016637070425
test_3199,1607.6935198352712
test_3200,3519.2782720390114
test_3201,983.6207993359739
test_3202,1488.421774559712
test_3203,858.0150262987098
test_3204,1306.4996789270122
test_3205,984.3202369625654
test_3206,2712.7965934718295
test_3207,3919.9623284716263
test_3208,338.21476067994155
test_3209,688.2140874972247
test_3210,290.29361184882714
test_3211,910.8713890186729
test_3212,1337.9306559165025
test_3213,635.2026577884077
test_3214,803.0769163602303
test_3215,2412.341001478514
test_3216,761.8632500062927
test_3217,3537.928966015138
test_3218,1340.5985528897768
test_3219,683.5999343198739
test_3220,3438.2630071163403
test_3221,4863.381557880359
test_3222,954.4011969296259
test_3223,736.2185652619273
test_3224,368.03734482387324
test_3225,3329.5866234470004
test_3226,1691.3066469194978
test_3227,1230.997395123631
test_3228,971.4974602641422
test_3229,1979.0591020589732
test_3230,2562.133783199609
test_3231,2301.176051917849
test_3232,4052.4391798766183
test_3233,2033.8127633900187
test_3234,1068.819846168771
test_3235,469.3986680728438
test_3236,2759.9043442113134
test_3237,1007.1863854715277
test_3238,595.7611618044018
test_3239,2777.5967088642024
test_3240,571.4559953782068
test_3241,2644.035958919071
test_3242,1242.508140561209
test_3243,1050.9126055984098
test_3244,1299.6712921628437
test_3245,4046.904399001511
test_3246,564.2380308430364
test_3247,2154.83427539031
test_3248,772.0757293447571
test_3249,293.86839991619945
test_3250,2088.4642654739646
test_3251,1564.9200969157855
test_3252,1892.4479608878073
test_3253,1821.4770609296024
test_3254,1020.8582272003221
test_3255,1367.6776372090908
test_3256,1660.0705878655463
test_3257,883.5360053824538
test_3258,407.25650241351
test_3259,655.1819743184101
test_3260,1774.8533944955268
test_3261,1287.0369945644122
test_3262,393.2181098833222
test_3263,3278.870802629239
test_3264,1155.6554619440994
test_3265,753.3018017421618
test_3266,800.282636067825
test_3267,1119.2117784011502
test_3268,1399.9382743127442
test_3269,875.6584740247336
test_3270,272.4836886797052
test_3271,5896.129532603537
test_3272,892.430476653306
test_3273,1386.5166739883907
test_3274,1808.1552688953934
test_3275,2480.7624973309375
test_3276,640.1869557045525
test_3277,1641.3531263489583
test_3278,644.2418115594378
test_3279,581.7495642918154
test_3280,3577.2043423725754
test_3281,579.8997985778109
test_3282,940.0473039975402
test_3283,2292.8398170512673
test_3284,1144.923555841095
test_3285,2178.614590060951
test_3286,805.1780484665925
test_3287,2631.088406695349
test_3288,380.32488214111663
test_3289,1419.8531145248844
test_3290,682.7142848936929
test_3291,4613.135378388821
test_3292,1961.5671681711922
test_3293,1174.1422671081218
test_3294,725.1958464741508
test_3295,4482.47292151082
test_3296,1449.6246118963172
test_3297,3606.8086705050414
test_3298,600.2965183259407
test_3299,1389.389543615684
test_3300,1452.9946842713605
test_3301,2557.4547494778603
test_3302,2165.8080027838796
test_3303,3947.57580003931
test_3304,1029.136016403118
test_3305,458.5406177855124
test_3306,1258.5408821151836
test_3307,4036.8307983490513
test_3308,2992.392284178863
test_3309,983.4006031967904
test_3310,555.715758897576
test_3311,1062.5869073324961
test_3312,258.12396378081957
test_3313,3652.5867503207555
test_3314,882.7396107530731
test_3315,435.4666334661374
test_3316,251.89518950761658
test_3317,2093.5153858447475
test_3318,1511.8795310770495
test_3319,3364.4427171394823
test_3320,3566.0460073889844
test_3321,1568.352201100397
test_3322,3052.311048532879
test_3323,2543.1925127495715
test_3324,1312.6127210411994
test_3325,1224.1972854479104
test_3326,971.0561112343089
test_3327,1327.6073775854934
test_3328,1380.6115917240795
test_3329,2695.53915481879
test_3330,373.47520351800085
test_3331,2241.450881391231
test_3332,777.9580955813781
test_3333,4596.833032052327
test_3334,1162.558166746742
test_3335,2130.3472428109776
test_3336,1034.9118003341125
test_3337,3394.7312688892307
test_3338,537.9797984764925
test_3339,588.6753362859733
test_3340,1690.4618863158967
test_3341,2631.1609464611583
test_3342,4952.315956017283
test_3343,1641.9033551395778
test_3344,2608.4107434732286
test_3345,1137.2381212755986
test_3346,2398.4522717640502
test_3347,1976.0799801133276
test_3348,1155.7875314784164
test_3349,733.741078969982
test_3350,681.2203032887058
test_3351,1968.6133767230804
test_3352,1498.8871176416862
test_3353,1961.2554308145027
test_3354,892.4114467359809
test_3355,1053.9378184462623
test_3356,884.3742711377706
test_3357,990.5453478048614
test_3358,2816.6302771255223
test_3359,2451.5280427295784
test_3360,277.002663052852
test_3361,1163.575517662595
test_3362,1734.629459046791
test_3363,312.74495442162106
test_3364,4899.29732325336
test_3365,1313.3762898055543
test_3366,813.5118228693781
test_3367,1596.0758492718014
test_3368,2273.0222666582704
test_3369,970.5164380161893
test_3370,437.73858488917915
test_3371,4763.02979974295
test_3372,2340.2442551377517
test_3373,1402.4012739667892
test_3374,327.15206025371157
test_3375,796.8874525440979
test_3376,3762.401441204397
test_3377,1521.765879265685
test_3378,994.3415442448634
test_3379,2857.019206582486
test_3380,3059.529188523683
test_3381,3039.809704959674
test_3382,293.76996517934936
test_3383,5269.338586091686
test_3384,753.9147360861789
test_3385,373.79774322522474
test_3386,3462.119715171788
test_3387,407.5924386742299
test_3388,2215.8142498692882
test_3389,4086.45104385847
test_3390,619.8521710507657
test_3391,1069.0980488538453
test_3392,985.2723267289778
test_3393,832.0606184216311
test_3394,1936.906634778233
test_3395,1152.4651196982031
test_3396,1108.6280568313314
test_3397,1518.1921513875886
test_3398,2510.541752764335
test_3399,1740.482979250722
test_3400,4481.185444183257
test_3401,2450.92387538631
test_3402,1131.3032160806204
test_3403,2268.0744179585067
test_3404,676.347214749356
test_3405,768.763233996277
test_3406,925.1432929414179
test_3407,1469.8237212544993
test_3408,465.067468433415
test_3409,1229.1380305836592
test_3410,2762.4910769262024
test_3411,420.75717559287284
test_3412,649.9323460280864
test_3413,664.8866020830883
test_3414,835.304888253083
test_3415,752.4497063185044
test_3416,261.2426579686809
test_3417,693.050242055987
test_3418,1722.9300473287099
test_3419,2675.0065594066537
test_3420,840.3964552536586
test_3421,859.7831684837804
test_3422,2008.355084717176
test_3423,1311.68012850598
test_3424,667.0253918923221
test_3425,205.26594481698146
test_3426,188.22344409678968
test_3427,3953.883238284412
test_3428,887.3554182253331
test_3429,4935.301852837572
test_3430,620.822023476095
test_3431,988.755808717436
test_3432,1151.8678723423177
test_3433,2450.807747569427
test_3434,1436.7759217824328
test_3435,1123.747310259405
test_3436,2995.7315347806734
test_3437,4368.8812164649225
test_3438,464.26596971738184
test_3439,1298.2749514008142
test_3440,856.5413395916424
test_3441,578.9634789853386
test_3442,531.6390706950876
test_3443,1970.0198625299904
test_3444,2610.8294747913415
test_3445,1504.3350864138777
test_3446,1385.7454911532805
test_3447,810.21514223026
test_3448,558.8382248561293
test_3449,2099.225450625262
test_3450,1502.2703552187538
test_3451,2851.3970874158567
test_3452,3515.848746793703
test_3453,335.0558346980773
test_3454,417.9855094534605
test_3455,3011.5845637317975
test_3456,3875.9971670685554
test_3457,1180.7719087509263
test_3458,2699.5890910461376
test_3459,371.29946296083756
test_3460,1899.4757098179657
test_3461,1453.492502907915
test_3462,522.5843259991225
test_3463,837.7329635208446
test_3464,672.5656543167066
test_3465,829.0078058938382
test_3466,4723.83640596803
test_3467,7690.004233930875
test_3468,769.7280637309916
test_3469,6559.110709855608
test_3470,4237.307195117573
test_3471,765.2049603244889
test_3472,3959.4780965404866
test_3473,1881.755049796203
test_3474,769.5677015329359
test_3475,1581.5133058529145
test_3476,810.5499756212384
test_3477,3580.192888702106
test_3478,493.63255835084055
test_3479,4021.2431997840895
test_3480,1088.0450280547707
test_3481,3291.322459177381
test_3482,216.58920311773068
test_3483,971.8469777272085
test_3484,1015.4053810951391
test_3485,2080.4999070093104
test_3486,745.2894078150005
test_3487,1058.1582576680084
test_3488,292.22464404073673
test_3489,1113.097856432205
test_3490,949.58905012991
test_3491,3851.0680256568357
test_3492,302.5822812625951
test_3493,3778.2918185667213
test_3494,564.1240594506917
test_3495,780.2057577307644
test_3496,564.3978526447343
test_3497,1480.9200107263778
test_3498,2294.0352849092883
test_3499,2365.700392065207
test_3500,3447.0776043954606
test_3501,1088.3218821544622
test_3502,665.5508675754802
test_3503,3255.2238699963855
test_3504,976.7294678655276
test_3505,2168.0704894466135
test_3506,1871.9143267058612
test_3507,693.0137084510436
test_3508,640.6452235629001
test_3509,530.659046521492
test_3510,2378.3316682764075
test_3511,2061.8848697874414
test_3512,957.6052319118207
test_3513,1095.2793170887521
test_3514,790.3705287520311
test_3515,624.8507716694837
test_3516,2958.3286724924183
test_3517,2461.906298383179
test_3518,1161.1343579272477
test_3519,390.49653978535264
test_3520,2652.9281864455947
test_3521,3286.1091389607673
test_3522,586.0197241872672
test_3523,3261.918975239826
test_3524,785.509266911869
test_3525,577.0263978255093
test_3526,768.888764087283
test_3527,1531.825429697872
test_3528,705.796665631824
test_3529,3054.771462063757
test_3530,1508.2733062445093
test_3531,1855.7685557400068
test_3532,2007.2879939568336
test_3533,2950.4363486599595
test_3534,571.9137511499246
test_3535,1502.312876537248
test_3536,1111.8751642639104
test_3537,2453.258395406666
test_3538,2203.8563718772357
test_3539,4199.3898552417195
test_3540,2976.6970438899143
test_3541,1217.759591414834
test_3542,330.91974515869197
test_3543,5296.691294465991
test_3544,507.45870411975295
test_3545,6642.797341581125
test_3546,3837.2617392683933
test_3547,2683.973263279122
test_3548,5341.328105610405
test_3549,1844.370476399484
test_3550,7055.851733867887
test_3551,3909.8150603289178
test_3552,787.0915489961166
test_3553,1253.9003289002287
test_3554,814.7377258972601
test_3555,2471.965184259403
test_3556,594.3008990548815
test_3557,1694.8263323350293
test_3558,2242.5398713068603
test_3559,1012.6305821134962
test_3560,6100.225788906988
test_3561,766.8563223643587
test_3562,426.65319878827745
test_3563,3844.1980806939255
test_3564,1044.4968036782052
test_3565,1397.269339861598
test_3566,773.4899372105162
test_3567,1830.250563318096
test_3568,2787.0358140522035
test_3569,1253.9503608372547
test_3570,297.38518510406635
test_3571,913.3665263135547
test_3572,702.8985004452836
test_3573,1903.935080179985
test_3574,2146.8181422314165
test_3575,796.4931735104108
test_3576,710.049057593725
test_3577,2652.910282311288
test_3578,953.4411357620002
test_3579,3992.2881734597054
test_3580,1864.231120063019
test_3581,1612.4514607729338
test_3582,1641.541201312205
test_3583,3199.0626069538553
test_3584,1099.1920923657917
test_3585,4887.57849024286
test_3586,2159.083618599411
test_3587,3714.2191565631247
test_3588,2191.542963914828
test_3589,2007.1886618405697
test_3590,2329.666414572459
test_3591,200.23508776831395
test_3592,2048.7423239278914
test_3593,2896.091145214983
test_3594,923.4681101273793
test_3595,2822.0262184147246
test_3596,1223.8042050094705
test_3597,3058.4743770171644
test_3598,449.2586286481812
test_3599,2045.9933822367052
test_3600,371.9612598227943
test_3601,377.81365392941825
test_3602,2908.4804062331946
test_3603,1021.3105758168674
test_3604,468.9285685209415
test_3605,1379.5803824340521
test_3606,610.6340182609247
test_3607,1312.1004008369136
test_3608,1351.8808501111275
test_3609,465.9349904958739
test_3610,1408.4043464459405
test_3611,2988.366081318086
test_3612,878.8347445850238
test_3613,1197.6999454388142
test_3614,1033.7377145356572
test_3615,535.2700604392646
test_3616,3201.486088479075
test_3617,2373.374321102884
test_3618,410.27709092578425
test_3619,3871.1044100516374
test_3620,405.29961035276756
test_3621,4062.441876886013
test_3622,696.3541021190681
test_3623,1159.3596950073083
test_3624,2178.13969602453
test_3625,2394.8497626273074
test_3626,1044.581973271983
test_3627,1154.025695617976
test_3628,454.9047151537833
test_3629,670.3596164233579
test_3630,1827.0485600992297
test_3631,1535.4227818536801
test_3632,1395.751965563326
test_3633,771.768689266045
test_3634,3252.7429199678654
test_3635,1154.2915235739497
test_3636,483.11491132379814
test_3637,1185.7129096824365
test_3638,1917.1782179252295
test_3639,3256.4627205022607
test_3640,818.3205126024402
test_3641,1960.0131086988583
test_3642,883.408917278826
test_3643,3206.6618251736036
test_3644,528.6409032803019
test_3645,985.0899165996537
test_3646,1087.0344650062439
test_3647,7893.452451339557
test_3648,934.4488446628345
test_3649,862.4661376289337
test_3650,564.5548218801166
test_3651,726.6813739962874
test_3652,675.1685774952887
test_3653,5756.7725289689315
test_3654,444.7259216463642
test_3655,710.0398590559332
test_3656,277.86446722574345
test_3657,1990.8181108524839
test_3658,760.2713536893768
test_3659,4044.5941107280973
test_3660,1129.6302789452693
test_3661,1605.0248511532482
test_3662,669.7324159113542
test_3663,765.0675107477306
test_3664,949.0795809911831
test_3665,2624.188304510487
test_3666,879.0526083912853
test_3667,626.1998772100727
test_3668,2899.4534312474007
test_3669,864.9212100759082
test_3670,4328.150997494147
test_3671,577.8682393499673
test_3672,799.5651546075876
test_3673,1902.396674877357
test_3674,592.4330614914918
test_3675,1014.9983711294055
test_3676,1578.579270971718
test_3677,977.6012630969869
test_3678,2783.6921258624034
test_3679,1754.0286761401544
test_3680,1631.8537460010539
test_3681,699.9277119812201
test_3682,1568.1275956480924
test_3683,2097.025735916894
test_3684,2972.2962324872387
test_3685,520.6906745958811
test_3686,1738.414673575844
test_3687,507.09213032169373
test_3688,573.051873831773
test_3689,1227.5453843149503
test_3690,445.12188690333596
test_3691,733.348021066881
test_3692,579.9808072609586
test_3693,955.4371887542552
test_3694,761.4426508854096
test_3695,453.64115911740146
test_3696,1121.4669800022061
test_3697,1403.4454399830347
test_3698,2351.015547913705
test_3699,2771.2184534779444
test_3700,1391.6318295347637
test_3701,1422.713889002418
test_3702,1266.0182568291855
test_3703,1039.1352600528562
test_3704,630.2292855364633
test_3705,1581.5854689833736
test_3706,2989.0149787875384
test_3707,708.5148159025835
test_3708,2879.7358579291113
test_3709,708.8938644676541
test_3710,3588.255643148172
test_3711,2094.365398520865
test_3712,407.73577016297406
test_3713,634.8467720298949
test_3714,1655.517658747408
test_3715,6731.622037142857
test_3716,480.5549163185983
test_3717,613.7742645990504
test_3718,405.1925228929033
test_3719,2142.7288767355694
test_3720,762.3780937533833
test_3721,3385.6896918975117
test_3722,948.7459674357897
test_3723,1086.494131492456
test_3724,586.6819849127085
test_3725,3139.260152821508
test_3726,1100.4176528641487
test_3727,553.9768216091256
test_3728,953.2192074839018
test_3729,2357.910966682181
test_3730,3377.796837570644
test_3731,2916.9162032675267
test_3732,3088.27247742209
test_3733,700.2514478076087
test_3734,3470.476435191379
test_3735,2880.373423002635
test_3736,1452.1690753564358
test_3737,3076.1895682612408
test_3738,1421.0731839651721
test_3739,3386.2738650912515
test_3740,725.581873360338
test_3741,1645.3307382194216
test_3742,938.013527539549
test_3743,1183.0837498536544
test_3744,726.1204123728122
test_3745,357.15654318371907
test_3746,1465.0612275311619
test_3747,1532.4580375385208
test_3748,816.6844379263408
test_3749,2140.4484828843256
test_3750,715.8148941022914
test_3751,2086.0262428176266
test_3752,2274.9346379420767
test_3753,1085.9721955371447
test_3754,1523.647094383985
test_3755,1494.853334087057
test_3756,1125.4245476032306
test_3757,4499.663714462072
test_3758,1953.1547051058715
test_3759,688.5294375228102
test_3760,2904.546801648124
test_3761,2285.647798730858
test_3762,2135.461095118075
test_3763,2317.725522238632
test_3764,3372.4038297236016
test_3765,1229.320302574507
test_3766,1036.402365954606
test_3767,1142.680097871253
test_3768,505.85671191757757
test_3769,668.3413628019728
test_3770,702.5901354922346
test_3771,1775.1946551994135
test_3772,1477.8655638388746
test_3773,2258.583845499181
test_3774,2530.7638884464004
test_3775,1689.077175859065
test_3776,997.9858769489457
test_3777,924.9747888332656
test_3778,665.9612012945629
test_3779,1520.7304149048482
test_3780,1937.029976775109
test_3781,2666.65895470238
test_3782,2091.1088741666586
test_3783,1330.5714053035817
test_3784,1784.2345471491062
test_3785,1895.9046380058603
test_3786,550.6579977868727
test_3787,1558.5039850351454
test_3788,1015.8595300962492
test_3789,2665.710812024243
test_3790,1299.9709027856825
test_3791,2409.9633158718434
test_3792,342.6040180220442
test_3793,585.5107005773461
test_3794,3652.2475964883333
test_3795,682.1747929367116
test_3796,595.4468344253344
test_3797,1819.1291348239502
test_3798,2236.5866507077626
test_3799,4717.616797802268
test_3800,1485.8689507561835
test_3801,1129.6791330155536
test_3802,1340.580679563693
test_3803,4052.419402171071
test_3804,2895.006882923665
test_3805,805.1204233304404
test_3806,2670.7755827147857
test_3807,827.1576330416422
test_3808,2460.5145018635617
test_3809,4008.8942823598795
test_3810,1386.7031896094647
test_3811,376.53536831378756
test_3812,688.5093655385497
test_3813,10012.057505989756
test_3814,637.9042935417112
test_3815,2315.9419747087277
test_3816,527.614520653974
test_3817,858.5075223907888
test_3818,1949.36713203835
test_3819,898.2899629693213
test_3820,1267.4358162586755
test_3821,2166.9978422742965
test_3822,345.12753379697347
test_3823,5826.240748434465
test_3824,3823.208696506971
test_3825,3745.8187760283126
test_3826,1173.1195279925585
test_3827,1929.1337091579753
test_3828,994.2326094532968
test_3829,1133.0168143237424
test_3830,3306.8815786974965
test_3831,1143.5040390494123
test_3832,1711.4082977048965
test_3833,2026.0686574415563
test_3834,1473.3712007969411
test_3835,888.6208016465773
test_3836,4126.750766511435
test_3837,1376.0037888151387
test_3838,1856.8589518640529
test_3839,1050.2072280875568
test_3840,1285.4167876870026
test_3841,3107.386251949668
test_3842,2039.8497068202237
test_3843,394.67224087443344
test_3844,564.0098124621824
test_3845,4204.18276882053
test_3846,3635.0275382648633
test_3847,1910.7007432206283
test_3848,590.6111014750176
test_3849,1272.0386286835846
test_3850,1620.6112809092283
test_3851,1461.444102528115
test_3852,2398.5965208066873
test_3853,5033.42422987775
test_3854,3057.171704424376
test_3855,1538.151749082358
test_3856,541.2184605589596
test_3857,3448.582040655131
test_3858,1042.4778711203562
test_3859,2034.8362516848456
test_3860,1424.9894743132436
test_3861,796.4305920885379
test_3862,2903.5733661640197
test_3863,816.6777414399587
test_3864,749.4354772131016
test_3865,618.0663666698938
test_3866,455.8568602791521
test_3867,2379.2193316869234
test_3868,1945.9707123097487
test_3869,4669.040220883093
test_3870,648.7679209024384
test_3871,1675.2172631347476
test_3872,661.5701600176972
test_3873,599.8873325931158
test_3874,2447.2610788740476
test_3875,750.5081352431814
test_3876,6037.072960957421
test_3877,3449.019179297162
test_3878,587.8689497524786
test_3879,2382.623833428367
test_3880,2397.046299695664
test_3881,2112.1147153992843
test_3882,858.8777388321018
test_3883,4106.343671001268
test_3884,1330.6570629748146
test_3885,601.1507339844662
test_3886,1093.3325553475356
test_3887,3528.8541376897856
test_3888,1584.1579401552897
test_3889,616.359406462077
test_3890,4034.6251254027193
test_3891,683.6075940357568
test_3892,586.0786894852451
test_3893,2183.4911396008347
test_3894,4166.392953394567
test_3895,882.5407333645173
test_3896,215.0776588105065
test_3897,1522.3025417315325
test_3898,572.6526611207003
test_3899,2068.55157539036
test_3900,2316.498422748194
test_3901,1648.4592531918104
test_3902,495.5988467573857
test_3903,1694.6005049029413
test_3904,1158.0152270978083
test_3905,5105.890873228751
test_3906,405.92787047131463
test_3907,2304.1559832273233
test_3908,397.52834741675963
test_3909,1513.3478071265326
test_3910,2310.476843296022
test_3911,407.3415449628791
test_3912,3354.9480109435053
test_3913,965.8947621172513
test_3914,1376.8032464604128
test_3915,882.4683518061204
test_3916,339.0820073098678
test_3917,3432.5979177461572
test_3918,1129.5714250642209
test_3919,2702.997112865107
test_3920,408.19672617859726
test_3921,1365.9397952753416
test_3922,1213.3865544045661
test_3923,595.1105672934052
test_3924,848.5384638872479
test_3925,504.08486388116944
test_3926,453.84754077842626
test_3927,3339.852570527114
test_3928,775.246672961769
test_3929,2432.5285816255036
test_3930,786.5623240687919
test_3931,5052.125079999286
test_3932,1045.8700055432128
test_3933,938.031247052292
test_3934,1944.2509056210363
test_3935,2063.153132876793
test_3936,3214.1594991712045
test_3937,3575.59935119099
test_3938,917.6767691199283
test_3939,3995.2686590847397
test_3940,708.2230293245848
test_3941,3643.295235999325
test_3942,867.2739939366617
test_3943,3353.5881738189305
test_3944,219.63641103556193
test_3945,1601.6856395555087
test_3946,1558.3937204410795
test_3947,1482.5765191040182
test_3948,1055.0193970495225
test_3949,1938.5808334433673
test_3950,900.8180719167453
test_3951,1787.8992135337012
test_3952,2600.895491475254
test_3953,1810.5922001763056
test_3954,1808.4036840687977
test_3955,1069.211602350284
test_3956,353.7836076049078
test_3957,613.504551931496
test_3958,994.8333089739507
test_3959,5481.708649500488
test_3960,613.7444919245493
test_3961,1249.0695240453106
test_3962,3171.482672347541
test_3963,2048.627783350428
test_3964,1559.9352225553635
test_3965,2090.5089200564885
test_3966,579.182145373087
test_3967,2782.6890501898483
test_3968,483.4158313610342
test_3969,1591.616122412049
test_3970,735.1290487968963
test_3971,748.6535201301078
test_3972,561.140722551597
test_3973,2269.43878238817
test_3974,702.5430871821588
test_3975,1986.910602279389
test_3976,1198.0794794435792
test_3977,916.9545174113844
test_3978,640.8935914311704
test_3979,1047.4591229661112
test_3980,4314.328380347293
test_3981,1090.0376614555316
test_3982,479.48896648603494
test_3983,3669.0931280826144
test_3984,1372.6665155047783
test_3985,247.3977945913968
test_3986,1046.9742642189233
test_3987,957.1748007187623
test_3988,1160.5685611140402
test_3989,473.587784880865
test_3990,2047.6924868236151
test_3991,3866.3690335082933
test_3992,512.8813301893011
test_3993,539.2018644477496
test_3994,1050.205414451499
test_3995,907.2869979302868
test_3996,2020.9175563106164
test_3997,5993.5469745516775
test_3998,4139.698877923194
test_3999,1055.5956461668973
test_4000,826.7631409540538
test_4001,956.8834419165196
test_4002,1379.9176422882285
test_4003,2370.2944859195613
test_4004,734.171434843264
test_4005,669.594072116075
test_4006,961.5673755201346
test_4007,1143.6077778154636
test_4008,408.03322093932786
test_4009,2497.190724852415
test_4010,1742.3240322824863
test_4011,749.3757059305422
test_4012,2103.8402785406934
test_4013,2672.115844262008
test_4014,2199.181869553955
test_4015,3278.6108002684773
test_4016,4245.258080135736
test_4017,3517.5574257151266
test_4018,512.7060447696254
test_4019,731.4285087775322
test_4020,1443.9598554373592
test_4021,2106.3523344528235
test_4022,3115.8152190372552
test_4023,1425.4893803613372
test_4024,810.7457095615684
test_4025,2952.9313664099
test_4026,1206.4688907347918
test_4027,2669.714180832776
test_4028,485.40290610898705
test_4029,256.3865662541501
test_4030,3531.5049567614415
test_4031,1416.9915048807889
test_4032,661.2182792976703
test_4033,943.3614622600808
test_4034,746.5758091502836
test_4035,1594.835376798822
test_4036,642.9209294306177
test_4037,2820.1296531215335
test_4038,935.1147239934642
test_4039,3690.1870270306595
test_4040,632.4791665221064
test_4041,4057.8299791177647
test_4042,841.8398298759413
test_4043,3597.1373270963304
test_4044,473.18218334864343
test_4045,422.8451636551714
test_4046,3895.959668863364
test_4047,720.6111115031365
test_4048,353.66476147023457
test_4049,1997.0438309776162
test_4050,465.44476461422084
test_4051,2735.2380697000317
test_4052,1882.9977287536617
test_4053,4695.929457664575
test_4054,2034.7862583935796
test_4055,774.9562011000185
test_4056,682.037260897387
test_4057,4168.71168567603
test_4058,572.554610974429
test_4059,3795.1811802369293
test_4060,656.8268108367512
test_4061,593.2467181730724
test_4062,1174.438547530986
test_4063,1727.3293510058093
test_4064,2172.2916572670983
test_4065,223.20033327588635
test_4066,2470.590546407663
test_4067,1539.746314740082
test_4068,1198.4460980625086
test_4069,3249.0288005399507
test_4070,292.3489663517662
test_4071,173.0176743563631
test_4072,1681.1526319254494
test_4073,1847.673642534507
test_4074,418.04102565961716
test_4075,3018.2680000581013
test_4076,3988.674800010597
test_4077,799.6731861163669
test_4078,275.25354132665126
test_4079,932.6322713306109
test_4080,334.48776962244506
test_4081,5547.578007790393
test_4082,1259.4049259272983
test_4083,4211.707505457609
test_4084,305.03371270343115
test_4085,795.6290912941218
test_4086,971.9736245895149
test_4087,3543.6665207874903
test_4088,1939.083743824101
test_4089,913.7507330336773
test_4090,707.6964393322203
test_4091,3598.274656057674
test_4092,637.3377611069973
test_4093,838.4102276463386
test_4094,1543.8200142113496
test_4095,258.242157631385
test_4096,3418.23143997202
test_4097,1494.2193948425536
test_4098,1244.441571716824
test_4099,5818.230224251258
test_4100,1792.382412924811
test_4101,2412.9615096113453
test_4102,1351.483733460545
test_4103,994.1798644221928
test_4104,1621.8894714389442
test_4105,639.6246309889971
test_4106,2946.076559647682
test_4107,752.6395146249214
test_4108,1867.496598513253
test_4109,2184.7029060208824
test_4110,3277.6298823063707
test_4111,1116.062727728694
test_4112,1272.4823043357458
test_4113,840.4296908468417
test_4114,510.1001080040953
test_4115,363.6009874425247
test_4116,883.7000097027194
test_4117,4942.296761131001
test_4118,1747.1108875367368
test_4119,549.9223763507799
test_4120,672.1198300936028
test_4121,923.8846435157772
test_4122,603.9874320515457
test_4123,3529.2043434648294
test_4124,562.0844136013329
test_4125,922.7026842889454
test_4126,590.534894095266
test_4127,3656.149350372697
test_4128,402.01359619467985
test_4129,1591.52592840396
test_4130,457.4067564113769
test_4131,285.09428798867316
test_4132,1937.8077513834905
test_4133,1114.9070602713439
test_4134,2751.332546320969
test_4135,683.2926333644423
test_4136,2205.1074997459696
test_4137,801.7007119694578
test_4138,1749.1104775727426
test_4139,1083.7982104996356
test_4140,436.3156067148086
test_4141,2109.8705403696895
test_4142,237.21000616577186
test_4143,157.81253608278485
test_4144,301.08336062021215
test_4145,2094.6787691516042
test_4146,425.85353348361866
test_4147,415.32662281192563
test_4148,1536.7741804470443
test_4149,2971.2126115508954
test_4150,3478.5059837001004
test_4151,5155.118346522409
test_4152,1099.1225229594534
test_4153,1824.5231135545087
test_4154,963.6024804178849
test_4155,3147.5706457286888
test_4156,789.2136822500772
test_4157,879.8732859786803
test_4158,565.9173022264999
test_4159,1224.6981802576656
test_4160,73.80080487653834
test_4161,2054.607420510648
test_4162,713.6376812832273
test_4163,4042.488316866157
test_4164,640.6142576047855
test_4165,295.424572127757
test_4166,3710.75789114698
test_4167,928.6772664005773
test_4168,1020.049237387805
test_4169,2277.126663608741
test_4170,3253.6797675162916
test_4171,1010.0768384614466
test_4172,838.3595750528475
test_4173,1809.6241892398684
test_4174,227.73368174134302
test_4175,1069.8982230126644
test_4176,2928.6113951339385
test_4177,797.173972330877
test_4178,1344.2728696002112
test_4179,4851.073331747505
test_4180,1320.5809529600583
test_4181,3062.893010844563
test_4182,2244.802476625473
test_4183,844.0911334607381
test_4184,3432.497793195406
test_4185,1069.4043002411017
test_4186,606.9306231564444
test_4187,783.7067101418555
test_4188,1648.4072680633963
test_4189,4264.499149600926
test_4190,1185.8194700761067
test_4191,535.9411592412644
test_4192,2494.347236025633
test_4193,1758.1448520684128
test_4194,705.8245702483912
test_4195,1372.3760069661123
test_4196,1189.938793778595
test_4197,395.88024587212965
test_4198,1900.0019703931234
test_4199,888.1187324715409
test_4200,1863.1679790254902
test_4201,733.1890512741529
test_4202,943.3077898603194
test_4203,814.867037974315
test_4204,892.0923918430669
test_4205,1480.191267858807
test_4206,750.5493029235553
test_4207,2332.8667948084635
test_4208,432.7018037303904
test_4209,4312.245308081696
test_4210,3059.4547852739997
test_4211,1555.3084190536874
test_4212,773.5022313675206
test_4213,739.6449984521996
test_4214,1530.462355939625
test_4215,10199.049426931597
test_4216,578.2203470042282
test_4217,3063.9847327667835
test_4218,1368.0357799664152
test_4219,3432.299122428607
test_4220,5249.219478179071
test_4221,1604.2542737490346
test_4222,1022.2128367487853
test_4223,3552.267316770184
test_4224,2034.4638488401702
test_4225,960.1635390561937
test_4226,2301.087470059791
test_4227,658.2427106419696
test_4228,1517.837039946102
test_4229,863.2029404037642
test_4230,1062.4989754738986
test_4231,4338.983591636641
test_4232,267.5860845869225
test_4233,935.1991455730156
test_4234,2956.7620585638892
test_4235,3040.7880519860337
test_4236,1143.240689325897
test_4237,4213.80938126868
test_4238,4712.5458403909215
test_4239,1421.842970151254
test_4240,422.78953901051284
test_4241,4081.1052061527894
test_4242,1817.0971526106405
test_4243,6512.708003039475
test_4244,5753.865625632727
test_4245,1397.4463585390945
test_4246,369.60251973131136
test_4247,557.263226190121
test_4248,1528.4288712216332
test_4249,2358.7198931382973
test_4250,713.1753773521136
test_4251,802.848673221934
test_4252,341.70748922751017
test_4253,2492.9300479719072
test_4254,1082.175577259821
test_4255,1533.5979685771886
test_4256,528.6472553316645
test_4257,2897.652013152462
test_4258,696.7465043837577
test_4259,2758.6214309912834
test_4260,1857.5244472693626
test_4261,1363.889624587899
test_4262,840.3702379848839
test_4263,930.6643984446371
test_4264,1479.5577325221288
test_4265,859.6029903488011
test_4266,574.9475450355299
test_4267,1424.916233209256
test_4268,1116.914141981642
test_4269,935.7346248556793
test_4270,1540.8227256159503
test_4271,2296.6626400401965
test_4272,2017.9831361263466
test_4273,647.5561249273014
test_4274,4725.553217556674
test_4275,2465.470625869464
test_4276,3583.930773713616
test_4277,3986.0277873356226
test_4278,962.107328371661
test_4279,3249.723753953893
test_4280,3880.9345568986437
test_4281,1397.6994172203897
test_4282,1110.5302815939642
test_4283,1138.7738587168992
test_4284,1429.47589813971
test_4285,3809.825522195427
test_4286,920.0550379956959
test_4287,157.9570617846245
test_4288,1137.918595717369
test_4289,3788.2033915074408
test_4290,5000.296236053107
test_4291,708.1070720250491
test_4292,1232.6881028403452
test_4293,1734.4043526561763
test_4294,581.6936652236843
test_4295,59.27733043563432
test_4296,495.739299785224
test_4297,1137.89871645176
test_4298,897.0898764181912
test_4299,2058.7439829126906
test_4300,910.8354892123946
test_4301,1154.3189021312487
test_4302,3922.1674468646615
test_4303,1088.4205127458208
test_4304,925.0310490636318
test_4305,917.1352795666792
test_4306,950.3764642570261
test_4307,1314.025267204617
test_4308,4016.05766936869
test_4309,994.1027745898982
test_4310,2628.312064083723
test_4311,3779.739048621705
test_4312,815.4057596594157
test_4313,997.7593718700177
test_4314,256.43842203516107
test_4315,1779.3940089385728
test_4316,1494.7327324489024
test_4317,1229.8950849418816
test_4318,1946.9885915640411
test_4319,3307.3777475390857
test_4320,707.2468595196146
test_4321,1053.641095083984
test_4322,1151.132246224667
test_4323,1280.492730064077
test_4324,1827.2600663278115
test_4325,993.8190938084987
test_4326,486.39389849891836
test_4327,1649.21520064732
test_4328,453.47420566273126
test_4329,956.5397122753715
test_4330,2181.019205573865
test_4331,801.513161282641
test_4332,525.7963944658546
test_4333,800.6482091584663
test_4334,604.7529017477635
test_4335,2200.3265022839514
test_4336,2595.753183451183
test_4337,3014.5368668985716
test_4338,1145.9728190232554
test_4339,3303.609463817339
test_4340,5025.144924252005
test_4341,1112.0575130541724
test_4342,828.180466653929
test_4343,1325.3393484531498
test_4344,2825.2897809747465
test_4345,289.3346641598695
test_4346,3191.408679650024
test_4347,2342.0425333806033
test_4348,1090.0075684523604
test_4349,3301.695185750063
test_4350,4445.173093960393
test_4351,2361.5717451964215
test_4352,3102.874185489766
test_4353,1565.9619163970347
test_4354,2394.076150628832
test_4355,847.7191759836251
test_4356,994.6978698371794
test_4357,2508.6259679768914
test_4358,3797.549051752939
test_4359,307.1755919606193
test_4360,611.1560035457542
test_4361,2075.9038891679174
test_4362,4605.722056665937
test_4363,3958.306716316833
test_4364,1997.9435963520232
test_4365,451.96292174114444
test_4366,683.8293237537835
test_4367,2987.8418428164423
test_4368,693.6509886724066
test_4369,3392.3713155711935
test_4370,3262.270632671759
test_4371,1098.210772002634
test_4372,3600.202095178406
test_4373,3956.8197433332834
test_4374,1346.6417663250452
test_4375,956.453535928877
test_4376,546.4614771453423
test_4377,731.7268576535213
test_4378,651.6308572856162
test_4379,2055.2679554150927
test_4380,1605.9800234822383
test_4381,1869.9704030636844
test_4382,2340.3005600070046
test_4383,2331.7356460159717
test_4384,3455.9102847324084
test_4385,1250.7907636448826
test_4386,579.676882533511
test_4387,1102.0535576320567
test_4388,3322.278523237879
test_4389,700.942142834471
test_4390,557.7639273311886
test_4391,4093.8349349485698
test_4392,1307.7666944318564
test_4393,1017.7915403017201
test_4394,182.46992170123343
test_4395,2063.772905093214
test_4396,405.05489605318195
test_4397,4100.988164067932
test_4398,306.8081983974148
test_4399,785.4336414136505
test_4400,1580.5560894131277
test_4401,1254.6932288351904
test_4402,1151.425613043234
test_4403,3268.4740243090155
test_4404,234.00258971659025
test_4405,917.9138708516218
test_4406,1203.5744238940965
test_4407,1366.6929427097775
test_4408,778.322505309052
test_4409,3359.053034495976
test_4410,2353.489347573009
test_4411,3795.1817393493334
test_4412,1856.3348627034597
test_4413,1807.4805824247578
test_4414,1221.5847652287339
test_4415,757.9374615342076
test_4416,798.2895921973354
test_4417,1965.2284342877404
test_4418,1090.4192484230275
test_4419,1113.3657131167683
test_4420,1306.9381540664713
test_4421,889.5395795479669
test_4422,536.7617520172772
test_4423,3332.4253845475787
test_4424,5012.025740206189
test_4425,2433.5501707820276
test_4426,1570.8971331709809
test_4427,564.8194266620512
test_4428,303.67194308555946
test_4429,1377.5245642846028
test_4430,5561.56689771571
test_4431,1043.7934499675052
test_4432,537.4492461583507
test_4433,1335.2557542324662
test_4434,3249.374627347196
test_4435,743.3926084870455
test_4436,4525.754881755036
test_4437,1883.7916574436883
test_4438,2001.2443666144704
test_4439,685.0495092225894
test_4440,4231.647289251399
test_4441,764.8287598940024
test_4442,2931.910349668361
test_4443,2325.808728025053
test_4444,1980.4350204525163
test_4445,1247.2077386841984
test_4446,1405.3761862396084
test_4447,1919.1231338818684
test_4448,597.2205354752878
test_4449,2440.9619085836844
test_4450,1726.4158488546307
test_4451,3807.181440996026
test_4452,2677.769649897912
test_4453,9072.948827830412
test_4454,1108.2326747212855
test_4455,4308.700220112498
test_4456,2118.4863372227155
test_4457,4558.910968593327
test_4458,1276.2549896104942
test_4459,2213.784604095956
test_4460,2300.089495636572
test_4461,1454.3284937927297
test_4462,617.5035212076934
test_4463,4620.139907121782
test_4464,526.0269162044483
test_4465,715.7828057328093
test_4466,3171.274604063862
test_4467,120.11818884266211
test_4468,2697.4316676597773
test_4469,597.0592804571465
test_4470,2940.7759061805345
test_4471,4484.896155660592
test_4472,680.8019904506384
test_4473,3995.6691977232967
test_4474,707.9545997624027
test_4475,1631.8986675051347
test_4476,1605.8053723767616
test_4477,585.0109534233411
test_4478,476.47146021566186
test_4479,323.7073149623029
test_4480,1730.5237569778665
test_4481,4842.378860132825
test_4482,1032.759315486036
test_4483,1815.4783847975737
test_4484,1589.2394534427617
test_4485,984.7489584441693
test_4486,973.8630076109722
test_4487,709.7657687773718
test_4488,690.264801158804
test_4489,1409.360633566771
test_4490,809.8650666908218
test_4491,3677.7372495263153
test_4492,692.3825858185162
test_4493,1844.0395747585521
test_4494,2241.947499369306
test_4495,1084.1879125923374
test_4496,1809.3694423373918
test_4497,602.768932988553
test_4498,769.8943128618453
test_4499,13324.417108965694
test_4500,890.4578972942516
test_4501,582.0161436541289
test_4502,244.33666369474344
test_4503,1264.6600627055366
test_4504,557.9566649102346
test_4505,1327.998415875833
test_4506,5055.346185203228
test_4507,1626.8413706335296
test_4508,763.7021118162579
test_4509,3377.3811179245686
test_4510,648.6103199515833
test_4511,713.7749964424227
test_4512,360.86214984400095
test_4513,1296.2868775330685
test_4514,3929.2018764720897
test_4515,1911.8401061264103
test_4516,831.3330813255366
test_4517,1451.58574157914
test_4518,811.1668626925748
test_4519,1465.2504842721962
test_4520,538.4547922291092
test_4521,1411.3187322221593
test_4522,4305.689281630991
test_4523,6934.806900453886
test_4524,1514.1761987774285
test_4525,548.7906340057011
test_4526,2321.8708768499478
test_4527,235.65912920190578
test_4528,1988.6072082785104
test_4529,1469.2344125884288
test_4530,2408.426431967251
test_4531,4067.753009692975
test_4532,555.7750024771537
test_4533,1476.996850806368
test_4534,838.7239490992877
test_4535,1770.2259037270956
test_4536,862.7509325298993
test_4537,3070.10746941012
test_4538,1474.6819206046011
test_4539,362.9628227310179
test_4540,1509.4768316903026
test_4541,2900.885177974127
test_4542,4326.61544356669
test_4543,1774.5337218606928
test_4544,4240.6970328138395
test_4545,2106.8704356353983
test_4546,421.50467093802195
test_4547,606.583989608703
test_4548,358.4270841282253
test_4549,997.0580792229217
test_4550,878.6911921671021
test_4551,1691.0952923913044
test_4552,2363.234311931802
test_4553,845.2857985198813
test_4554,663.4465327172123
test_4555,1158.0441963642747
test_4556,473.99391119222406
test_4557,1614.1316491529935
test_4558,1888.703845474166
test_4559,3200.703972584706
test_4560,1542.8830813013058
test_4561,845.3719861897733
test_4562,861.9555596247494
test_4563,994.1975787062876
test_4564,298.93436627324695
test_4565,1082.0200877161153
test_4566,395.87394239139456
test_4567,418.9609204462816
test_4568,1703.907190846717
test_4569,3094.372354795142
test_4570,2231.9155227949886
test_4571,5010.474559419202
test_4572,4007.0978517245157
test_4573,1206.24350936226
test_4574,652.3937233101083
test_4575,1150.8176439504118
test_4576,1975.7953877699456
test_4577,2700.7426668746702
test_4578,4126.531521996061
test_4579,1989.3104114468688
test_4580,4568.836746792394
test_4581,2093.303912718999
test_4582,615.8192785576946
test_4583,4050.4978912691786
test_4584,1622.7995093442432
test_4585,2444.562934357067
test_4586,786.623752056239
test_4587,1137.8208382811865
test_4588,1063.6948029429907
test_4589,488.2878009087691
test_4590,1689.019497153195
test_4591,906.0419683522997
test_4592,1688.1581189073145
test_4593,1607.3594903598569
test_4594,1121.5472615555427
test_4595,369.4213665901241
test_4596,670.7874585512743
test_4597,2218.67712028038
test_4598,1894.7483094670438
test_4599,940.8402887998645
test_4600,1017.6220000170289
test_4601,1921.1371485089876
test_4602,647.1864280329671
test_4603,2745.1089562468383
test_4604,402.34641159363537
test_4605,2492.6347684335324
test_4606,1256.3656140695894
test_4607,766.7115073150436
test_4608,2647.3108334850813
test_4609,711.0562753599772
test_4610,1440.7994282592645
test_4611,2431.4816794488406
test_4612,1931.9989438152272
test_4613,3531.729751649654
test_4614,393.5718846869077
test_4615,1034.5410345700336
test_4616,3436.654960288803
test_4617,2980.2229525354437
test_4618,2290.6825104197997
test_4619,1031.8834104298444
test_4620,1099.3658574611143
test_4621,3475.229966108438
test_4622,1475.4972811519058
test_4623,1701.5672373793095
test_4624,1719.5135730459658
test_4625,353.9438748322464
test_4626,2256.5270460211777
test_4627,774.4773435366374
test_4628,1136.970960583034
test_4629,448.34555613958264
test_4630,3006.396405514797
test_4631,966.2403459920306
test_4632,378.07302380292833
test_4633,4705.611069924148
test_4634,3909.112758098908
test_4635,606.3433557427487
test_4636,395.021324535766
test_4637,1470.0050131000057
test_4638,1586.8895355441166
test_4639,4012.424296555059
test_4640,1004.089917327253
test_4641,2346.2884509298747
test_4642,675.6501983878666
test_4643,3291.5721978989104
test_4644,893.9782449869373
test_4645,918.5655621521465
test_4646,998.4930796221057
test_4647,2193.5177064209756
test_4648,960.2573005683045
test_4649,4719.83782647651
test_4650,561.8395942199135
test_4651,1141.2431857535707
test_4652,2246.221054809309
test_4653,1106.299361679927
test_4654,555.2685686549739
test_4655,1018.6272789853732
test_4656,839.677163020427
test_4657,3286.189497455424
test_4658,5933.796853675523
test_4659,4027.6906963265096
test_4660,1411.0042993253214
test_4661,5322.1477472822535
test_4662,420.3238268168535
test_4663,2932.2682750623926
test_4664,158.91308221533808
test_4665,1535.3451188440886
test_4666,4253.072670728353
test_4667,1634.7004724947155
test_4668,1088.0209707055244
test_4669,595.7198869591658
test_4670,435.9722792630056
test_4671,1610.5724995021458
test_4672,672.1284768691162
test_4673,2626.1691856711714
test_4674,346.2511035546313
test_4675,1736.046375261287
test_4676,585.4308794363844
test_4677,3136.8516290221637
test_4678,647.5347100578595
test_4679,757.1102345400145
test_4680,825.4231679208881
test_4681,1552.2450566364814
test_4682,1052.9120414437032
test_4683,1700.1401770621374
test_4684,2154.6724700211953
test_4685,733.932703732321
test_4686,518.2180818293804
test_4687,1772.8915740831017
test_4688,780.4912250734405
test_4689,1380.023097746839
test_4690,670.6110301837232
test_4691,4482.138112014998
test_4692,651.671904941318
test_4693,1147.2552692004854
test_4694,2898.3014451249037
test_4695,498.9702607381044
test_4696,1788.7744219574768
test_4697,3492.503019867538
test_4698,528.1597441350125
test_4699,1864.4437421916675
test_4700,328.7677858657339
test_4701,2231.7090352939417
test_4702,4257.757816602565
test_4703,2768.499686876586
test_4704,354.1879130035787
test_4705,1422.2698369124728
test_4706,668.0657886564559
test_4707,3420.2710373852647
test_4708,2801.2002551911387
test_4709,2027.4753661458594
test_4710,716.3010209105664
test_4711,1516.4659419503741
test_4712,671.0996387054448
test_4713,585.0644971330444
test_4714,1764.3880640311759
test_4715,533.9492378147175
test_4716,731.4051267618277
test_4717,4437.370043146011
test_4718,770.0414976952529
test_4719,3139.948146506321
test_4720,1246.2373050357473
test_4721,798.2362548357431
test_4722,3809.7933575762927
test_4723,4257.445875873285
test_4724,3136.6701499115425
test_4725,1128.1094637478914
test_4726,676.2884702432756
test_4727,992.4651295779728
test_4728,979.2474635508872
test_4729,562.6882411942222
test_4730,1873.3584766984686
test_4731,971.6989953464138
test_4732,944.056912788657
test_4733,1814.6480572445214
test_4734,782.8518425556358
test_4735,553.9399874752522
test_4736,971.2985966636832
test_4737,1405.0916329938239
test_4738,2061.8072393618886
test_4739,1144.2574222736105
test_4740,1318.9143229335962
test_4741,1719.3663876995824
test_4742,1186.661682757594
test_4743,1262.5584083048589
test_4744,859.5243522971527
test_4745,2878.411105186443
test_4746,1052.4562440855568
test_4747,757.0346008975534
test_4748,1886.1781483834807
test_4749,552.7371946760289
test_4750,945.1562378445478
test_4751,5158.745800797677
test_4752,625.6222083502188
test_4753,577.4049114973687
test_4754,1610.2561790588795
test_4755,647.536292164536
test_4756,1475.2063159358108
test_4757,2580.3080703174833
test_4758,303.25322809114687
test_4759,3073.977499979298
test_4760,1255.514871832329
test_4761,229.0155531773251
test_4762,389.2106382046358
test_4763,769.9467260257136
test_4764,1250.8400156722464
test_4765,1486.7056445616597
test_4766,625.2920345012162
test_4767,1021.1758971351513
test_4768,444.2530170093303
test_4769,2582.584056000146
test_4770,943.5024944006308
test_4771,3436.5835160051533
test_4772,964.7000381545809
test_4773,1386.2242868220023
test_4774,418.96013598634215
test_4775,732.9460878658315
test_4776,884.2465974867384
test_4777,2346.745296386196
test_4778,818.2770661856086
test_4779,535.2467181930817
test_4780,1425.0356701638063
test_4781,884.789713930694
test_4782,649.8522845845051
test_4783,3648.349676682321
test_4784,885.0183300010274
test_4785,1947.2992613402512
test_4786,1137.2332803190523
test_4787,1586.561174246029
test_4788,246.2342166017835
test_4789,2082.030507999156
test_4790,1357.1859438166562
test_4791,1803.5653501610523
test_4792,1981.123635448217
test_4793,918.275430549576
test_4794,1158.6128004969805
test_4795,853.5919793637523
test_4796,11011.318100243394
test_4797,362.9827547905541
test_4798,917.0462302028631
test_4799,850.1122845188509
test_4800,1606.9635795079953
test_4801,4571.9872216784315
test_4802,865.4507464361627
test_4803,2340.0184253635207
test_4804,694.5831777899386
test_4805,830.843486586932
test_4806,1342.7128389481518
test_4807,4615.063776810974
test_4808,1000.0314326446592
test_4809,686.4430066396405
test_4810,1430.3752048141694
test_4811,1839.579650983425
test_4812,298.9880964431134
test_4813,4348.066448836229
test_4814,4147.189331674011
test_4815,1942.749908611907
test_4816,661.7976623132076
test_4817,4251.84595875817
test_4818,1369.6997782716078
test_4819,1591.0767627369512
test_4820,1497.4615911774767
test_4821,4342.52007260893
test_4822,422.29392556458413
test_4823,1602.0539697271456
test_4824,2396.4583728744
test_4825,250.8175231373869
test_4826,923.9114202304081
test_4827,414.58525028080203
test_4828,1677.9607782245544
test_4829,3767.9518967634904
test_4830,1049.869866174446
test_4831,2030.1707081465952
test_4832,753.0297960118052
test_4833,829.4035138450315
test_4834,603.5357715832404
test_4835,1272.0838665922215
test_4836,2015.6513349660331
test_4837,1598.1794710608183
test_4838,1935.538817975304
test_4839,675.1874450276231
test_4840,3405.5850416887015
test_4841,942.003093330626
test_4842,1461.1998366898513
test_4843,987.0945663187165
test_4844,183.71739224364904
test_4845,275.7518825187684
test_4846,543.6127429036803
test_4847,3405.624762086716
test_4848,1679.1627578805678
test_4849,674.1453291429917
test_4850,2440.9822849349302
test_4851,818.2383508741761
test_4852,339.78218692358996
test_4853,784.4127309636681
test_4854,2788.848075793484
test_4855,466.2806619526264
test_4856,1024.1347568905203
test_4857,2141.7626617107044
test_4858,1436.6844139006225
test_4859,2535.5575432511114
test_4860,2212.6653726992317
test_4861,418.59214707454504
test_4862,361.91506460969185
test_4863,4806.3783659307155
test_4864,4559.203626059507
test_4865,2343.5682671281074
test_4866,2213.248421679682
test_4867,2738.084711493606
test_4868,433.962338343786
test_4869,1484.0644066102059
test_4870,211.67228904054176
test_4871,1418.7686442258016
test_4872,3717.2522599569156
test_4873,1311.7305539953768
test_4874,3567.710091830985
test_4875,539.2001003874713
test_4876,1093.2838806037576
test_4877,5796.10748030217
test_4878,555.5923045840418
test_4879,4127.541672534382
test_4880,1912.3550692067247
test_4881,1539.5514116024447
test_4882,1254.6073482718427
test_4883,2553.489362197017
test_4884,766.5075021507025
test_4885,1572.6535583646803
test_4886,1331.4852840249205
test_4887,2729.2157654937528
test_4888,3695.5848748246685
test_4889,2108.4609865062966
test_4890,3302.3604451118927
test_4891,2440.348842664136
test_4892,689.1709399793383
test_4893,5491.7537103651175
test_4894,2613.204905728522
test_4895,5505.5955248661585
test_4896,716.9232278157109
test_4897,4422.4092783808555
test_4898,858.1776744733221
test_4899,1069.1444125587811
test_4900,3070.577240632334
test_4901,2391.066505607607
test_4902,587.013428257651
test_4903,431.7576696551529
test_4904,1389.983447884691
test_4905,669.0034387860636
test_4906,1190.7551826139245
test_4907,4211.576739005771
test_4908,260.5551006252748
test_4909,1486.970685850093
test_4910,1603.496791938815
test_4911,3641.8072860293532
test_4912,273.9364114773625
test_4913,1923.9058599452542
test_4914,459.01328938815266
test_4915,743.2811726162395
test_4916,788.4999466773459
test_4917,2509.5536030314324
test_4918,266.7802422202717
test_4919,808.5863237563348
test_4920,3414.0410752152297
test_4921,2778.5739914628016
test_4922,1909.5728363532448
test_4923,1081.9587474081163
test_4924,522.7422496333476
test_4925,2308.2641424194626
test_4926,2765.0138445454986
test_4927,1958.9098362061459
test_4928,1829.7675654642728
test_4929,2836.4598669744664
test_4930,651.6295924035002
test_4931,458.06488943162367
test_4932,737.7477361579254
test_4933,3599.9980276347133
test_4934,2961.1249763459437
test_4935,728.8661736568779
test_4936,444.16486988691736
test_4937,973.2937801268238
test_4938,1188.2093625573093
test_4939,2539.950276138287
test_4940,4128.976549006351
test_4941,567.2934942144493
test_4942,2265.4344368354286
test_4943,2436.7884461268995
test_4944,4386.6425820576305
test_4945,872.3240820224732
test_4946,6452.5040290844245
test_4947,663.4417027593036
test_4948,1161.2053000298577
test_4949,1001.2639397510916
test_4950,1646.9054758087495
test_4951,2333.495258647791
test_4952,2192.4819868550317
test_4953,1750.4089679381475
test_4954,2007.3399028793933
test_4955,277.5332148200881
test_4956,450.5078568571595
test_4957,1687.8634495299177
test_4958,874.4064523188875
test_4959,437.16454867235996
test_4960,4475.3499040333245
test_4961,3025.02370817044
test_4962,2775.98913243438
test_4963,1994.9633396729182
test_4964,764.9026519450213
test_4965,999.2022357044312
test_4966,1626.8401742075055
test_4967,1959.4777888471763
test_4968,1177.6229661332432
test_4969,1701.1406040288314
test_4970,2071.6702350693813
test_4971,568.6683364054323
test_4972,2497.3267286457076
test_4973,3016.9289883145257
test_4974,356.6623411962355
test_4975,826.3757275504006
test_4976,1775.5009296391254
test_4977,1875.5565451515024
test_4978,1042.5262223383163
test_4979,3390.206460075834
test_4980,1373.1800175885305
test_4981,1081.2961204919234
test_4982,3432.975935550849
test_4983,1068.9422652646283
test_4984,2268.6709990681125
test_4985,2978.6793951557806
test_4986,1985.0792310890074
test_4987,1727.8734412473423
test_4988,2613.2101573043997
test_4989,835.8446234448869
test_4990,892.8044468291387
test_4991,6845.40262293388
test_4992,931.0471231379546
test_4993,2605.7707799853024
test_4994,913.5323688029725
test_4995,1556.0156475849797
test_4996,509.55907513099044
test_4997,1933.3884640534848
test_4998,936.5531228947989
test_4999,1114.7057554760504
